Workbook

Sheet Лист1
A1: Название устройства | B1: Ссылка Цифросити | C1: Ссылка Репремиум | D1: Ссылка Девайс | E1: Цена Цифросити | F1: Цена Репремиум | G1: Цена Девайс | I1: Наименьшая цена | J1: Средняя цена | L1: НАША ЦЕНА
A2: Смартфон Apple iPhone 13 128 ГБ Темная ночь | B2: https://cifrocity.com/catalog/apple/iphone_13_13_pro_13_pro_max/apple_iphone_13_128gb_seryy/ | C2: https://mgg.stores-apple.com/catalog/apple-iphone-13-128-gb-chernyj/ | E2: 1 | F2: 47390 | I2: =MIN(E2:G2) -> 1 | J2: =AVERAGE(E2:G2) -> 23695.5 | L2: 50000
A3: Смартфон Apple iPhone 13 128 ГБ Сияющая звезда | C3: https://mgg.stores-apple.com/catalog/apple-iphone-13-128-gb-belyj/ | F3: 54390 | I3: =MIN(E3:G3) -> 54390 | J3: =AVERAGE(E3:G3) -> 54390 | L3: 50000
A4: Смартфон Apple iPhone 14 128 ГБ Темная ночь | C4: https://mgg.stores-apple.com/catalog/apple-iphone-14-128-gb-polnoch/ | F4: 50390 | I4: =MIN(E4:G4) -> 50390 | J4: =AVERAGE(E4:G4) -> 50390 | L4: 50000
A5: Смартфон Apple iPhone 15 128 ГБ Чёрный | B5: https://cifrocity.com/catalog/apple/iphone_15/apple_iphone_15_128gb_seryy/ | C5: https://mgg.stores-apple.com/catalog/apple-iphone-15-128-gb-black/ | D5: https://девайс-прайс.рф/product/apple-iphone-15/apple-iphone-15-128gb-chernyi-bez-rustore | E5: 56490 | F5: 56390 | G5: 56990 | I5: =MIN(E5:G5) -> 56390 | J5: =AVERAGE(E5:G5) -> 56623.333 | L5: 50000
A6: Смартфон Apple iPhone 15 128 ГБ Синий | B6: https://cifrocity.com/catalog/apple/iphone_15/apple_iphone_15_128gb_siniy/ | C6: https://mgg.stores-apple.com/catalog/apple-iphone-15-128-gb-siniy/ | D6: https://девайс-прайс.рф/product/apple-iphone-15/apple-iphone-15-128gb-sinii-bez-rustore | E6: 56490 | F6: 55890 | G6: 56990 | I6: =MIN(E6:G6) -> 55890 | J6: =AVERAGE(E6:G6) -> 56456.667 | L6: 50000
A7: Смартфон Apple iPhone 15 128 ГБ Зелёный | C7: https://mgg.stores-apple.com/catalog/apple-iphone-15-128-gb-green/ | F7: 59890 | I7: =MIN(E7:G7) -> 59890 | J7: =AVERAGE(E7:G7) -> 59890 | L7: 50000
A8: Смартфон Apple iPhone 15 128 ГБ Розовый | C8: https://mgg.stores-apple.com/catalog/apple-iphone-15-128-gb-pink/ | F8: 63890 | I8: =MIN(E8:G8) -> 63890 | J8: =AVERAGE(E8:G8) -> 63890 | L8: 50000
A9: Смартфон Apple iPhone 15 256 ГБ Чёрный | B9: https://cifrocity.com/catalog/apple/iphone_15/apple_iphone_15_256gb_chernyy/ | C9: https://mgg.stores-apple.com/catalog/apple-iphone-15-256-gb-black/ | D9: https://девайс-прайс.рф/product/apple-iphone-15/apple-iphone-15-256gb-chernyi-bez-rustore | E9: 66490 | F9: 66390 | G9: 66290 | I9: =MIN(E9:G9) -> 66290 | J9: =AVERAGE(E9:G9) -> 66390 | L9: 50000
A10: Смартфон Apple iPhone 15 256 ГБ Синий | B10: https://cifrocity.com/catalog/apple/iphone_15/apple_iphone_15_256gb_siniy/ | C10: https://mgg.stores-apple.com/catalog/apple-iphone-15-256-gb-siniy/ | D10: https://девайс-прайс.рф/product/apple-iphone-15/apple-iphone-15-256gb-sinii-bez-rustore | E10: 66490 | F10: 66390 | G10: 66290 | I10: =MIN(E10:G10) -> 66290 | J10: =AVERAGE(E10:G10) -> 66390 | L10: 50000
A11: Смартфон Apple iPhone 15 256 ГБ Зелёный | C11: https://mgg.stores-apple.com/catalog/apple-iphone-15-256-gb-green/ | F11: 70890 | I11: =MIN(E11:G11) -> 70890 | J11: =AVERAGE(E11:G11) -> 70890 | L11: 50000
A12: Смартфон Apple iPhone 15 256 ГБ Розовый | C12: https://mgg.stores-apple.com/catalog/apple-iphone-15-256-gb-pink/ | F12: 71390 | I12: =MIN(E12:G12) -> 71390 | J12: =AVERAGE(E12:G12) -> 71390 | L12: 50000
A13: Смартфон Apple iPhone 16 128 ГБ ультрамарин | B13: https://cifrocity.com/catalog/apple/iphone_16/apple_iphone_16_128gb_ultramarinovyy/ | C13: https://mgg.stores-apple.com/catalog/smartfon-apple-iphone-16-128-gb-ultramarin/ | D13: https://девайс-прайс.рф/product/apple-iphone-16/apple-iphone-16-128gb-ultramarin-bez-rustore | E13: 65990 | F13: 65890 | G13: 66490 | I13: =MIN(E13:G13) -> 65890 | J13: =AVERAGE(E13:G13) -> 66123.333 | L13: 50000
A14: Смартфон Apple iPhone 16 128 ГБ чёрный | B14: https://cifrocity.com/catalog/apple/iphone_16/apple_iphone_16_128gb_chernyy/ | C14: https://mgg.stores-apple.com/catalog/smartfon-apple-iphone-16-128-gb-chernyj/ | D14: https://девайс-прайс.рф/product/apple-iphone-16/apple-iphone-16-128gb-chernyi-bez-rustore | E14: 65490 | F14: 65390 | G14: 66490 | I14: =MIN(E14:G14) -> 65390 | J14: =AVERAGE(E14:G14) -> 65790 | L14: 50000
A15: Смартфон Apple iPhone 16 128 ГБ белый | B15: https://cifrocity.com/catalog/apple/iphone_16/apple_iphone_16_128gb_belyy/ | C15: https://mgg.stores-apple.com/catalog/smartfon-apple-iphone-16-128-gb-belyj/ | D15: https://девайс-прайс.рф/product/apple-iphone-16/apple-iphone-16-128gb-chernyi-bez-rustore | E15: 65490 | F15: 65390 | G15: 66490 | I15: =MIN(E15:G15) -> 65390 | J15: =AVERAGE(E15:G15) -> 65790 | L15: 50000
A16: Смартфон Apple iPhone 16 128 ГБ бирюзовый | B16: https://cifrocity.com/catalog/apple/iphone_16/apple_iphone_16_128gb_zelenyy/ | C16: https://mgg.stores-apple.com/catalog/smartfon-apple-iphone-16-128-gb-biryuzovyj/ | D16: https://девайс-прайс.рф/product/apple-iphone-16/apple-iphone-16-128gb-biriuzovyi-bez-rustore | E16: 65490 | F16: 65390 | G16: 66490 | I16: =MIN(E16:G16) -> 65390 | J16: =AVERAGE(E16:G16) -> 65790 | L16: 50000
A17: Смартфон Apple iPhone 16 128 ГБ розовый | B17: https://cifrocity.com/catalog/apple/iphone_16/apple_iphone_16_128gb_rozovyy/ | C17: https://mgg.stores-apple.com/catalog/smartfon-apple-iphone-16-128-gb-rozovyj/ | D17: https://девайс-прайс.рф/product/apple-iphone-16/apple-iphone-16-128gb-rozovyi-bez-rustore | E17: 65490 | F17: 66890 | G17: 66490 | I17: =MIN(E17:G17) -> 65490 | J17: =AVERAGE(E17:G17) -> 66290 | L17: 50000
A18: Смартфон Apple iPhone 16 256 ГБ ультрамарин | C18: https://mgg.stores-apple.com/catalog/smartfon-apple-iphone-16-256-gb-ultramarin-obmen/ | F18: 65890 | I18: =MIN(E18:G18) -> 65890 | J18: =AVERAGE(E18:G18) -> 65890 | L18: 50000
A19: Смартфон Apple iPhone 16 256 ГБ чёрный | B19: https://cifrocity.com/catalog/apple/iphone_16/apple_iphone_16_256gb_chernyy/ | C19: https://mgg.stores-apple.com/catalog/smartfon-apple-iphone-16-256-gb-chernyj-obmen/ | E19: 76990 | F19: 65890 | I19: =MIN(E19:G19) -> 65890 | J19: =AVERAGE(E19:G19) -> 71440 | L19: 50000
A20: Смартфон Apple iPhone 16 256 ГБ белый | B20: https://cifrocity.com/catalog/apple/iphone_16/apple_iphone_16_256gb_belyy/ | C20: https://mgg.stores-apple.com/catalog/smartfon-apple-iphone-16-256-gb-belyj-obmen/ | E20: 1 | F20: 65890 | I20: =MIN(E20:G20) -> 1 | J20: =AVERAGE(E20:G20) -> 32945.5 | L20: 50000
A21: Смартфон Apple iPhone 16 256 ГБ бирюзовый | B21: https://cifrocity.com/catalog/apple/iphone_16/apple_iphone_16_256gb_zelenyy/ | C21: https://mgg.stores-apple.com/catalog/smartfon-apple-iphone-16-256-gb-biryuzovyj-obmen/ | E21: 1 | F21: 65890 | I21: =MIN(E21:G21) -> 1 | J21: =AVERAGE(E21:G21) -> 32945.5 | L21: 50000
A22: Смартфон Apple iPhone 16 256 ГБ розовый | B22: https://cifrocity.com/catalog/apple/iphone_16/apple_iphone_16_256gb_rozovyy/ | C22: https://mgg.stores-apple.com/catalog/smartfon-apple-iphone-16-256-gb-rozovyj-obmen/ | E22: 76990 | F22: 65890 | I22: =MIN(E22:G22) -> 65890 | J22: =AVERAGE(E22:G22) -> 71440 | L22: 50000
A23: Смартфон Apple iPhone 16e 128 ГБ Чёрный | C23: https://mgg.stores-apple.com/catalog/smartfon-apple-iphone-16e-128-gb-chernyj/ | F23: 53390 | I23: =MIN(E23:G23) -> 53390 | J23: =AVERAGE(E23:G23) -> 53390 | L23: 50000
A24: Смартфон Apple iPhone 16e 128 ГБ Белый | C24: https://mgg.stores-apple.com/catalog/smartfon-apple-iphone-16e-128-gb-belyy/ | F24: 53390 | I24: =MIN(E24:G24) -> 53390 | J24: =AVERAGE(E24:G24) -> 53390 | L24: 50000
A25: Смартфон Apple iPhone 16e 256 ГБ Чёрный | B25: https://cifrocity.com/catalog/apple/iphone_16/apple_iphone_16e_256gb_2sim_chernyy_bez_rustore/ | C25: https://mgg.stores-apple.com/catalog/smartfon-apple-iphone-16e-256-gb-chernyj/ | E25: 53490 | F25: 58390 | I25: =MIN(E25:G25) -> 53490 | J25: =AVERAGE(E25:G25) -> 55940 | L25: 50000
A26: Смартфон Apple iPhone 16e 256 ГБ Белый | B26: https://cifrocity.com/catalog/apple/iphone_16/apple_iphone_16e_256gb_2sim_belyy_bez_rustore/ | C26: https://mgg.stores-apple.com/catalog/smartfon-apple-iphone-16e-256-gb-belyy/ | E26: 49990 | F26: 58390 | I26: =MIN(E26:G26) -> 49990 | J26: =AVERAGE(E26:G26) -> 54190 | L26: 50000
A27: Смартфон Apple iPhone 16 Plus 128 ГБ ультрамарин | C27: https://repremium.ru/magnitogorsk/catalog/smartfon_apple_iphone_16_plus_128_gb_fioletovyy/ | F27: 76390 | I27: =MIN(E27:G27) -> 76390 | J27: =AVERAGE(E27:G27) -> 76390 | L27: 50000
A28: Смартфон Apple iPhone 16 Plus 128 ГБ чёрный | C28: https://mgg.stores-apple.com/catalog/smartfon-apple-iphone-16-plus-128-gb-ultramarin/ | F28: 76390 | I28: =MIN(E28:G28) -> 76390 | J28: =AVERAGE(E28:G28) -> 76390 | L28: 50000
A29: Смартфон Apple iPhone 16 Plus 128 ГБ белый | C29: https://mgg.stores-apple.com/catalog/smartfon-apple-iphone-16-plus-128-gb-belyj/ | F29: 77390 | I29: =MIN(E29:G29) -> 77390 | J29: =AVERAGE(E29:G29) -> 77390 | L29: 50000
A30: Смартфон Apple iPhone 16 Plus 128 ГБ бирюзовый | C30: https://mgg.stores-apple.com/catalog/smartfon-apple-iphone-16-plus-128-gb-biryuzovyj/ | F30: 76390 | I30: =MIN(E30:G30) -> 76390 | J30: =AVERAGE(E30:G30) -> 76390 | L30: 50000
A31: Смартфон Apple iPhone 16 Plus 128 ГБ розовый | C31: https://mgg.stores-apple.com/catalog/smartfon-apple-iphone-16-plus-128-gb-rozovyj/ | F31: 77390 | I31: =MIN(E31:G31) -> 77390 | J31: =AVERAGE(E31:G31) -> 77390 | L31: 50000
A32: Смартфон Apple iPhone 16 Plus 256 ГБ ультрамарин | C32: https://mgg.stores-apple.com/catalog/smartfon-apple-iphone-16-plus-256-gb-ultramarin/ | F32: 83890 | I32: =MIN(E32:G32) -> 83890 | J32: =AVERAGE(E32:G32) -> 83890 | L32: 50000
A33: Смартфон Apple iPhone 16 Plus 256 ГБ чёрный | C33: https://mgg.stores-apple.com/catalog/smartfon-apple-iphone-16-plus-256-gb-chernyj/ | F33: 84890 | I33: =MIN(E33:G33) -> 84890 | J33: =AVERAGE(E33:G33) -> 84890 | L33: 50000
A34: Смартфон Apple iPhone 16 Plus 256 ГБ белый | C34: https://mgg.stores-apple.com/catalog/smartfon-apple-iphone-16-plus-256-gb-belyj/ | F34: 84390 | I34: =MIN(E34:G34) -> 84390 | J34: =AVERAGE(E34:G34) -> 84390 | L34: 50000
A35: Смартфон Apple iPhone 16 Plus 256 ГБ бирюзовый | C35: https://mgg.stores-apple.com/catalog/smartfon-apple-iphone-16-plus-256-gb-biryuzovyj/ | F35: 83890 | I35: =MIN(E35:G35) -> 83890 | J35: =AVERAGE(E35:G35) -> 83890 | L35: 50000
A36: Смартфон Apple iPhone 16 Plus 256 ГБ розовый | C36: https://mgg.stores-apple.com/catalog/smartfon-apple-iphone-16-plus-256-gb-rozovyj/ | F36: 84390 | I36: =MIN(E36:G36) -> 84390 | J36: =AVERAGE(E36:G36) -> 84390 | L36: 50000
A37: Смартфон Apple iPhone 16 Pro 128 ГБ пустынный титан | C37: https://mgg.stores-apple.com/catalog/smartfon-apple-iphone-16-pro-128-gb-pustynnyj-titan/ | F37: 98390 | I37: =MIN(E37:G37) -> 98390 | J37: =AVERAGE(E37:G37) -> 98390 | L37: 50000
A38: Смартфон Apple iPhone 16 Pro 128 ГБ белый титан | C38: https://mgg.stores-apple.com/catalog/smartfon-apple-iphone-16-pro-128-gb-belyj-titan/ | F38: 96390 | I38: =MIN(E38:G38) -> 96390 | J38: =AVERAGE(E38:G38) -> 96390 | L38: 50000
... A44: Смартфон Apple iPhone 16 Pro Max 256 ГБ черный титан | C44: https://mgg.stores-apple.com/catalog/smartfon-apple-iphone-16-pro-max-256-gb-chernyj-titan-obmen/ | F44: 98890 | I44: =MIN(E44:G44) -> 98890 | J44: =AVERAGE(E44:G44) -> 98890 | L44: 50000
A45: iPhone 17e 256 черный SIM | C45: https://mgg.stores-apple.com/catalog/smartfon_apple_iphone_17e_256_gb_chernyy/ | D45: https://девайс-прайс.рф/product/iphone-17e/apple-iphone-17e-256gb-simesim-chernyj-bez-rustore | F45: 70390 | G45: 69990 | I45: =MIN(E45:G45) -> 69990 | J45: =AVERAGE(E45:G45) -> 70190 | L45: 50000
A46: iPhone 17e 256 белый SIM | C46: https://mgg.stores-apple.com/catalog/smartfon_apple_iphone_17e_256_gb_belyy/ | D46: https://девайс-прайс.рф/product/iphone-17e/apple-iphone-17e-256gb-simesim-belyj-bez-rustore | F46: 62390 | G46: 68490 | I46: =MIN(E46:G46) -> 62390 | J46: =AVERAGE(E46:G46) -> 65440 | L46: 50000
A47: iPhone 17e 256 розовый SIM | C47: https://mgg.stores-apple.com/catalog/smartfon_apple_iphone_17e_256_gb_rozovyy/ | D47: https://девайс-прайс.рф/product/iphone-17e/apple-iphone-17e-256gb-simesim-rozovyj-bez-rustore | F47: 63890 | G47: 67490 | I47: =MIN(E47:G47) -> 63890 | J47: =AVERAGE(E47:G47) -> 65690 | L47: 50000
A48: iPhone 17e 256 черный eSIM | C48: https://mgg.stores-apple.com/catalog/smartfon_apple_iphone_17e_256_gb_chernyy_esim/ | F48: 60890 | I48: =MIN(E48:G48) -> 60890 | J48: =AVERAGE(E48:G48) -> 60890 | L48: 50000
A49: iPhone 17e 256 белый eSIM | C49: https://mgg.stores-apple.com/catalog/smartfon_apple_iphone_17e_256_gb_belyy_esim/ | F49: 59890 | I49: =MIN(E49:G49) -> 59890 | J49: =AVERAGE(E49:G49) -> 59890 | L49: 50000
A50: iPhone 17e 256 розовый eSIM | C50: https://mgg.stores-apple.com/catalog/smartfon_apple_iphone_17e_256_gb_rozovyy_esim/ | F50: 59890 | I50: =MIN(E50:G50) -> 59890 | J50: =AVERAGE(E50:G50) -> 59890 | L50: 50000
A51: iPhone 17 256 Лавандовый Sim | B51: https://cifrocity.com/catalog/apple/iphone_17_17_air/apple_iphone_17_128gb_rozovyy/ | C51: https://mgg.stores-apple.com/catalog/smartfon-apple-iphone-17-256-gb-lavandovyj/ | D51: https://девайс-прайс.рф/product/apple-iphone-17/apple-iphone-17-256gb-simesim-lavandovyi-bez-rustore | E51: 80990 | F51: 79390 | G51: 80490 | I51: =MIN(E51:G51) -> 79390 | J51: =AVERAGE(E51:G51) -> 80290 | L51: 50000
A52: iPhone 17 256 Чёрный Sim | B52: https://cifrocity.com/catalog/apple/iphone_17_17_air/apple_iphone_17_128gb_chernyy/ | C52: https://mgg.stores-apple.com/catalog/smartfon-apple-iphone-17-256-gb-chernyi/ | D52: https://девайс-прайс.рф/product/apple-iphone-17/apple-iphone-17-256gb-simesim-chernyi-bez-rustore | E52: 80990 | F52: 79890 | G52: 80490 | I52: =MIN(E52:G52) -> 79890 | J52: =AVERAGE(E52:G52) -> 80456.667 | L52: 50000
A53: iPhone 17 256 Белый Sim | B53: https://cifrocity.com/catalog/apple/iphone_17_17_air/apple_iphone_17_128gb_belyy/ | C53: https://mgg.stores-apple.com/catalog/smartfon-apple-iphone-17-256-gb-belyi/ | D53: https://девайс-прайс.рф/product/apple-iphone-17/apple-iphone-17-256gb-simesim-belyi-bez-rustore | E53: 80490 | F53: 78890 | G53: 80490 | I53: =MIN(E53:G53) -> 78890 | J53: =AVERAGE(E53:G53) -> 79956.667 | L53: 50000
A54: iPhone 17 256 Синий Sim | B54: https://cifrocity.com/catalog/apple/iphone_17_17_air/apple_iphone_17_128gb_siniy/ | C54: https://mgg.stores-apple.com/catalog/smartfon-apple-iphone-17-256-gb-goluboj/ | D54: https://девайс-прайс.рф/product/apple-iphone-17/apple-iphone-17-256gb-simesim-goluboi-tuman-bez-rustore | E54: 80490 | F54: 78890 | G54: 80490 | I54: =MIN(E54:G54) -> 78890 | J54: =AVERAGE(E54:G54) -> 79956.667 | L54: 50000
A55: iPhone 17 256 Зелёный Sim | B55: https://cifrocity.com/catalog/apple/iphone_17_17_air/apple_iphone_17_128gb_zelenyy/ | C55: https://mgg.stores-apple.com/catalog/smartfon-apple-iphone-17-256-gb-zelenyi/ | D55: https://девайс-прайс.рф/product/apple-iphone-17/apple-iphone-17-256gb-simesim-shalfei-bez-rustore | E55: 1 | F55: 78890 | G55: 80490 | I55: =MIN(E55:G55) -> 1 | J55: =AVERAGE(E55:G55) -> 53127 | L55: 50000
A56: iPhone 17 256 Лавандовый eSim | B56: https://cifrocity.com/catalog/apple/iphone_17_17_air/apple_iphone_17_256gb_esim_fioletovyy_bez_rustore/ | C56: https://mgg.stores-apple.com/catalog/smartfon-apple-iphone-17-256-gb-lavandovyj-esim/ | E56: 1 | F56: 77390 | I56: =MIN(E56:G56) -> 1 | J56: =AVERAGE(E56:G56) -> 38695.5 | L56: 50000
A57: iPhone 17 256 Чёрный eSim | B57: https://cifrocity.com/catalog/apple/iphone_17_17_air/apple_iphone_17_256gb_esim_chernyy_bez_rustore/ | C57: https://mgg.stores-apple.com/catalog/smartfon-apple-iphone-17-256-gb-chernyi-esim/ | E57: 78990 | F57: 76390 | I57: =MIN(E57:G57) -> 76390 | J57: =AVERAGE(E57:G57) -> 77690 | L57: 50000
A58: iPhone 17 256 Белый eSim | B58: https://cifrocity.com/catalog/apple/iphone_17_17_air/apple_iphone_17_256gb_esim_belyy_bez_rustore/ | C58: https://mgg.stores-apple.com/catalog/smartfon-apple-iphone-17-256-gb-belyi-esim/ | E58: 78490 | F58: 76390 | I58: =MIN(E58:G58) -> 76390 | J58: =AVERAGE(E58:G58) -> 77440 | L58: 50000
A59: iPhone 17 256 Синий eSim | B59: https://cifrocity.com/catalog/apple/iphone_17_17_air/apple_iphone_17_256gb_esim_goluboy_bez_rustore/ | C59: https://mgg.stores-apple.com/catalog/smartfon-apple-iphone-17-256-gb-goluboj-esim/ | E59: 78490 | F59: 76390 | I59: =MIN(E59:G59) -> 76390 | J59: =AVERAGE(E59:G59) -> 77440 | L59: 50000
A60: iPhone 17 256 Зелёный eSim | B60: https://cifrocity.com/catalog/apple/iphone_17_17_air/apple_iphone_17_256gb_esim_zelenyy_bez_rustore/ | C60: https://mgg.stores-apple.com/catalog/smartfon-apple-iphone-17-256-gb-zelenyi-esim/ | E60: 78990 | F60: 76390 | I60: =MIN(E60:G60) -> 76390 | J60: =AVERAGE(E60:G60) -> 77690 | L60: 50000
A61: iPhone 17 512 Лавандовый Sim | C61: https://mgg.stores-apple.com/catalog/smartfon-apple-iphone-17-512-gb-lavandovyj/ | D61: https://девайс-прайс.рф/product/apple-iphone-17/apple-iphone-17-512gb-simesim-lavandovyi-bez-rustore | F61: 97390 | G61: 98990 | I61: =MIN(E61:G61) -> 97390 | J61: =AVERAGE(E61:G61) -> 98190 | L61: 50000
A62: iPhone 17 512 Чёрный Sim | C62: https://mgg.stores-apple.com/catalog/smartfon-apple-iphone-17-512-gb-chernyi/ | D62: https://девайс-прайс.рф/product/apple-iphone-17/apple-iphone-17-512gb-simesim-chernyi-bez-rustore | F62: 91890 | G62: 94990 | I62: =MIN(E62:G62) -> 91890 | J62: =AVERAGE(E62:G62) -> 93440 | L62: 50000
A63: iPhone 17 512 Белый Sim | C63: https://mgg.stores-apple.com/catalog/smartfon-apple-iphone-17-512-gb-belyi/ | D63: https://девайс-прайс.рф/product/apple-iphone-17/apple-iphone-17-512gb-simesim-belyi-bez-rustore | F63: 93890 | G63: 97490 | I63: =MIN(E63:G63) -> 93890 | J63: =AVERAGE(E63:G63) -> 95690 | L63: 50000
A64: iPhone 17 512 Синий Sim | C64: https://mgg.stores-apple.com/catalog/smartfon-apple-iphone-17-512-gb-goluboj/ | D64: https://девайс-прайс.рф/product/apple-iphone-17/apple-iphone-17-512gb-simesim-goluboi-tuman-bez-rustore | F64: 95390 | G64: 96990 | I64: =MIN(E64:G64) -> 95390 | J64: =AVERAGE(E64:G64) -> 96190 | L64: 50000
A65: iPhone 17 512 Зелёный Sim | C65: https://mgg.stores-apple.com/catalog/smartfon-apple-iphone-17-512-gb-zelenyi/ | D65: https://девайс-прайс.рф/product/apple-iphone-17/apple-iphone-17-512gb-simesim-shalfei-bez-rustore | F65: 97890 | G65: 97990 | I65: =MIN(E65:G65) -> 97890 | J65: =AVERAGE(E65:G65) -> 97940 | L65: 50000
A66: iPhone 17 512 Лавандовый eSim | C66: https://mgg.stores-apple.com/catalog/smartfon-apple-iphone-17-512-gb-lavandovyj-esim/ | F66: 96890 | I66: =MIN(E66:G66) -> 96890 | J66: =AVERAGE(E66:G66) -> 96890 | L66: 50000
A67: iPhone 17 512 Чёрный eSim | C67: https://mgg.stores-apple.com/catalog/smartfon-apple-iphone-17-512-gb-chernyi-esim/ | F67: 91390 | I67: =MIN(E67:G67) -> 91390 | J67: =AVERAGE(E67:G67) -> 91390 | L67: 50000
A68: iPhone 17 512 Белый eSim | C68: https://mgg.stores-apple.com/catalog/smartfon-apple-iphone-17-512-gb-belyi-esim/ | F68: 93890 | I68: =MIN(E68:G68) -> 93890 | J68: =AVERAGE(E68:G68) -> 93890 | L68: 50000
A69: iPhone 17 512 Синий eSim | C69: https://mgg.stores-apple.com/catalog/smartfon-apple-iphone-17-512-gb-goluboj-esim/ | F69: 93390 | I69: =MIN(E69:G69) -> 93390 | J69: =AVERAGE(E69:G69) -> 93390 | L69: 50000
A70: iPhone 17 512 Зелёный eSim | C70: https://mgg.stores-apple.com/catalog/smartfon-apple-iphone-17-512-gb-zelenyi-esim/ | F70: 97890 | I70: =MIN(E70:G70) -> 97890 | J70: =AVERAGE(E70:G70) -> 97890 | L70: 50000
A71: Смартфон Apple iPhone Air 256 ГБ Синий | B71: https://cifrocity.com/catalog/apple/iphone_17_17_air/apple_iphone_17_air_128gb_nebesno_goluboy/ | C71: https://mgg.stores-apple.com/catalog/smartfon-apple-iphone-air-256-gb-goluboi/ | D71: https://девайс-прайс.рф/product/apple-iphone-air/apple-iphone-air-256gb-goluboe-nebo-bez-rustore | E71: 77990 | F71: 75390 | G71: 77990 | I71: =MIN(E71:G71) -> 75390 | J71: =AVERAGE(E71:G71) -> 77123.333 | L71: 50000
A72: Смартфон Apple iPhone Air 256 ГБ Чёрный | B72: https://cifrocity.com/catalog/apple/iphone_17_17_air/apple_iphone_17_air_128gb_chernyy/ | C72: https://mgg.stores-apple.com/catalog/smartfon-apple-iphone-air-256-gb-chernyi/ | D72: https://девайс-прайс.рф/product/apple-iphone-air/apple-iphone-air-256gb-goluboe-nebo-bez-rustore | E72: 77990 | F72: 76390 | G72: 77990 | I72: =MIN(E72:G72) -> 76390 | J72: =AVERAGE(E72:G72) -> 77456.667 | L72: 50000
A73: Смартфон Apple iPhone Air 256 ГБ Золотой | B73: https://cifrocity.com/catalog/apple/iphone_17_17_air/apple_iphone_17_air_128gb_zoloto/ | C73: https://mgg.stores-apple.com/catalog/smartfon-apple-iphone-air-256-gb-zolotoi/ | D73: https://девайс-прайс.рф/product/apple-iphone-air/apple-iphone-air-256gb-svetlo-zolotoi-bez-rustore | E73: 77990 | F73: 74390 | G73: 77990 | I73: =MIN(E73:G73) -> 74390 | J73: =AVERAGE(E73:G73) -> 76790 | L73: 50000
A74: Смартфон Apple iPhone Air 256 ГБ Белый | C74: https://mgg.stores-apple.com/catalog/smartfon-apple-iphone-air-256-gb-belyi/ | D74: https://девайс-прайс.рф/product/apple-iphone-air/apple-iphone-air-256gb-beloe-oblako-bez-rustore | F74: 76390 | G74: 78990 | I74: =MIN(E74:G74) -> 76390 | J74: =AVERAGE(E74:G74) -> 77690 | L74: 50000
A75: Смартфон Apple iPhone Air 512 ГБ Синий | C75: https://mgg.stores-apple.com/catalog/smartfon-apple-iphone-air-512-gb-goluboi/ | D75: https://девайс-прайс.рф/product/apple-iphone-air/apple-iphone-air-512gb-goluboe-nebo-bez-rustore | F75: 83890 | G75: 84490 | I75: =MIN(E75:G75) -> 83890 | J75: =AVERAGE(E75:G75) -> 84190 | L75: 50000
A76: Смартфон Apple iPhone Air 512 ГБ Чёрный | C76: https://mgg.stores-apple.com/catalog/smartfon-apple-iphone-air-512-gb-chernyi/ | D76: https://девайс-прайс.рф/product/apple-iphone-air/apple-iphone-air-512gb-chiornyi-kosmos-bez-rustore | F76: 83890 | G76: 84990 | I76: =MIN(E76:G76) -> 83890 | J76: =AVERAGE(E76:G76) -> 84440 | L76: 50000
A77: Смартфон Apple iPhone Air 512 ГБ Золотой | C77: https://mgg.stores-apple.com/catalog/smartfon-apple-iphone-air-512-gb-zolotoi/ | D77: https://девайс-прайс.рф/product/apple-iphone-air/apple-iphone-air-512gb-svetlo-zolotoi-bez-rustore | F77: 83890 | G77: 84490 | I77: =MIN(E77:G77) -> 83890 | J77: =AVERAGE(E77:G77) -> 84190 | L77: 50000
A78: Смартфон Apple iPhone Air 512 ГБ Белый | C78: https://mgg.stores-apple.com/catalog/smartfon-apple-iphone-air-512-gb-belyi/ | D78: https://девайс-прайс.рф/product/apple-iphone-air/apple-iphone-air-512gb-beloe-oblako-bez-rustore | F78: 86390 | G78: 90490 | I78: =MIN(E78:G78) -> 86390 | J78: =AVERAGE(E78:G78) -> 88440 | L78: 50000
A79: Смартфон Apple iPhone Air 1 ТБ Синий | C79: https://mgg.stores-apple.com/catalog/smartfon-apple-iphone-air-1024-gb-goluboi/ | F79: 91890 | I79: =MIN(E79:G79) -> 91890 | J79: =AVERAGE(E79:G79) -> 91890 | L79: 50000
A80: Смартфон Apple iPhone Air 1 ТБ Чёрный | C80: https://mgg.stores-apple.com/catalog/smartfon-apple-iphone-air-1024-gb-chernyi/ | F80: 92890 | I80: =MIN(E80:G80) -> 92890 | J80: =AVERAGE(E80:G80) -> 92890 | L80: 50000
A81: Смартфон Apple iPhone Air 1 ТБ Золотой | C81: https://mgg.stores-apple.com/catalog/smartfon-apple-iphone-air-1024-gb-zolotoi/ | F81: 92890 | I81: =MIN(E81:G81) -> 92890 | J81: =AVERAGE(E81:G81) -> 92890 | L81: 50000
A82: Смартфон Apple iPhone Air 1 ТБ Белый | C82: https://mgg.stores-apple.com/catalog/smartfon-apple-iphone-air-1024-gb-belyi/ | F82: 96890 | I82: =MIN(E82:G82) -> 96890 | J82: =AVERAGE(E82:G82) -> 96890 | L82: 50000
A83: iPhone 17 Pro 256 Оранжевый eSim | B83: https://cifrocity.com/catalog/apple/iphone_17_pro/apple_iphone_17_pro_256gb_esim_oranzhevyy_bez_rustore/ | C83: https://mgg.stores-apple.com/catalog/smartfon-apple-iphone-17-pro-256-gb-oranzevyi-esim/ | D83: https://девайс-прайс.рф/product/apple-iphone-17-pro/apple-iphone-17-pro-256gb-esim-kosmicheskii-oranzhevyi-bez-rustore | E83: 98490 | F83: 97890 | G83: 99490 | I83: =MIN(E83:G83) -> 97890 | J83: =AVERAGE(E83:G83) -> 98623.333 | L83: 50000
A84: iPhone 17 Pro 256 Синий eSim | B84: https://cifrocity.com/catalog/apple/iphone_17_pro/apple_iphone_17_pro_256gb_esim_siniy_bez_rustore/ | C84: https://mgg.stores-apple.com/catalog/smartfon-apple-iphone-17-pro-256-gb-sinij-esim/ | D84: https://девайс-прайс.рф/product/apple-iphone-17-pro/apple-iphone-17-pro-256gb-esim-glubokii-sinii-bez-rustore | E84: 99490 | F84: 97890 | G84: 99990 | I84: =MIN(E84:G84) -> 97890 | J84: =AVERAGE(E84:G84) -> 99123.333 | L84: 50000
A85: iPhone 17 Pro 256 Серебристый eSim | B85: https://cifrocity.com/catalog/apple/iphone_17_pro/apple_iphone_17_pro_256gb_esim_serebristyy_bez_rustore/ | C85: https://mgg.stores-apple.com/catalog/smartfon-apple-iphone-17-pro-256-gb-serebristyj-esim/ | D85: https://девайс-прайс.рф/product/apple-iphone-17-pro/apple-iphone-17-pro-256gb-esim-serebristyi-bez-rustore | E85: 101990 | F85: 99890 | G85: 100990 | I85: =MIN(E85:G85) -> 99890 | J85: =AVERAGE(E85:G85) -> 100956.67 | L85: 50000
A86: iPhone 17 Pro 256 Оранжевый Sim | B86: https://cifrocity.com/catalog/apple/iphone_17_pro/apple_iphone_17_pro_256gb_oranzhevyy/ | C86: https://mgg.stores-apple.com/catalog/smartfon-apple-iphone-17-pro-256-gb-oranzevyi/ | D86: https://девайс-прайс.рф/product/apple-iphone-17-pro/apple-iphone-17-pro-256gb-simesim-kosmicheskii-oranzhevyi-bez-rustore | E86: 103990 | F86: 101390 | G86: 103990 | I86: =MIN(E86:G86) -> 101390 | J86: =AVERAGE(E86:G86) -> 103123.33 | L86: 50000
A87: iPhone 17 Pro 256 Синий Sim | B87: https://cifrocity.com/catalog/apple/iphone_17_pro/apple_iphone_17_pro_256gb_siniy/ | C87: https://mgg.stores-apple.com/catalog/smartfon-apple-iphone-17-pro-256-gb-sinij/ | D87: https://девайс-прайс.рф/product/apple-iphone-17-pro/apple-iphone-17-pro-256gb-simesim-glubokii-sinii-bez-rustore | E87: 105990 | F87: 104890 | G87: 105990 | I87: =MIN(E87:G87) -> 104890 | J87: =AVERAGE(E87:G87) -> 105623.33 | L87: 50000
A88: iPhone 17 Pro 256 Серебристый Sim | B88: https://cifrocity.com/catalog/apple/iphone_17_pro/apple_iphone_17_pro_256gb_belyy/ | C88: https://mgg.stores-apple.com/catalog/smartfon-apple-iphone-17-pro-256-gb-serebristyj/ | D88: https://девайс-прайс.рф/product/apple-iphone-17-pro/apple-iphone-17-pro-256gb-simesim-serebristyi-bez-rustore | E88: 108990 | F88: 105390 | G88: 107490 | I88: =MIN(E88:G88) -> 105390 | J88: =AVERAGE(E88:G88) -> 107290 | L88: 50000
A89: iPhone 17 Pro 512 Оранжевый eSim | B89: https://cifrocity.com/catalog/apple/iphone_17_pro/apple_iphone_17_pro_512gb_oranzhevyy_bez_rustore/ | C89: https://mgg.stores-apple.com/catalog/smartfon-apple-iphone-17-pro-512-gb-oranzevyi-esim/ | D89: https://девайс-прайс.рф/product/apple-iphone-17-pro/apple-iphone-17-pro-512gb-esim-kosmicheskii-oranzhevyi-bez-rustore | E89: 113990 | F89: 112890 | G89: 114390 | I89: =MIN(E89:G89) -> 112890 | J89: =AVERAGE(E89:G89) -> 113756.67 | L89: 50000
A90: iPhone 17 Pro 256 Оранжевый eSim | B90: https://cifrocity.com/catalog/apple/iphone_17_pro/apple_iphone_17_pro_128gb_chernyy_titan_/ | C90: https://mgg.stores-apple.com/catalog/smartfon-apple-iphone-17-pro-512-gb-sinij-esim/ | D90: https://девайс-прайс.рф/product/apple-iphone-17-pro/apple-iphone-17-pro-512gb-esim-glubokii-sinii-bez-rustore | E90: 117990 | F90: 115890 | G90: 118990 | I90: =MIN(E90:G90) -> 115890 | J90: =AVERAGE(E90:G90) -> 117623.33 | L90: 50000
A91: iPhone 17 Pro 512 Серебристый eSim | B91: https://cifrocity.com/catalog/apple/iphone_17_pro/apple_iphone_17_pro_256gb_seryy/ | C91: https://mgg.stores-apple.com/catalog/smartfon-apple-iphone-17-pro-512-gb-serebristyj-esim/ | D91: https://девайс-прайс.рф/product/apple-iphone-17-pro/apple-iphone-17-pro-512gb-esim-serebristyi-bez-rustore | E91: 116990 | F91: 114890 | G91: 118990 | I91: =MIN(E91:G91) -> 114890 | J91: =AVERAGE(E91:G91) -> 116956.67 | L91: 50000
A92: iPhone 17 Pro 512 Оранжевый Sim | B92: https://cifrocity.com/catalog/apple/iphone_17_pro/apple_iphone_17_pro_512gb_sim_esim_oranzhevyy_bez_rustore/ | C92: https://mgg.stores-apple.com/catalog/smartfon-apple-iphone-17-pro-512-gb-oranzevyi/ | D92: https://девайс-прайс.рф/product/apple-iphone-17-pro/apple-iphone-17-pro-512gb-simesim-kosmicheskii-oranzhevyi-bez-rustore | E92: 121490 | F92: 119890 | G92: 121990 | I92: =MIN(E92:G92) -> 119890 | J92: =AVERAGE(E92:G92) -> 121123.33 | L92: 50000
A93: iPhone 17 Pro 512 Синий Sim | C93: https://mgg.stores-apple.com/catalog/smartfon-apple-iphone-17-pro-512-gb-sinij/ | D93: https://девайс-прайс.рф/product/apple-iphone-17-pro/apple-iphone-17-pro-512gb-simesim-glubokii-sinii-bez-rustore | F93: 124890 | G93: 127490 | I93: =MIN(E93:G93) -> 124890 | J93: =AVERAGE(E93:G93) -> 126190 | L93: 50000
A94: iPhone 17 Pro 512 Серебристый Sim | B94: https://cifrocity.com/catalog/apple/iphone_17_pro/apple_iphone_17_pro_512gb_sim_esim_serebristyy_bez_rustore/ | C94: https://mgg.stores-apple.com/catalog/smartfon-apple-iphone-17-pro-512-gb-serebristyj/ | D94: https://девайс-прайс.рф/product/apple-iphone-17-pro/apple-iphone-17-pro-512gb-simesim-serebristyi-bez-rustore | E94: 131990 | F94: 123890 | G94: 126790 | I94: =MIN(E94:G94) -> 123890 | J94: =AVERAGE(E94:G94) -> 127556.67 | L94: 50000
A95: iPhone 17 Pro 1024 Оранжевый eSim | C95: https://mgg.stores-apple.com/catalog/smartfon-apple-iphone-17-pro-1024-gb-oranzevyi-esim/ | D95: https://девайс-прайс.рф/product/apple-iphone-17-pro/apple-iphone-17-pro-1tb-esim-kosmicheskii-oranzhevyi-bez-rustore | F95: 123390 | G95: 124990 | I95: =MIN(E95:G95) -> 123390 | J95: =AVERAGE(E95:G95) -> 124190 | L95: 50000
A96: iPhone 17 Pro 1024 Синий eSim | C96: https://mgg.stores-apple.com/catalog/smartfon-apple-iphone-17-pro-1024-gb-sinij-esim/ | D96: https://девайс-прайс.рф/product/apple-iphone-17-pro/apple-iphone-17-pro-1tb-esim-glubokii-sinii-bez-rustore | F96: 126390 | G96: 128490 | I96: =MIN(E96:G96) -> 126390 | J96: =AVERAGE(E96:G96) -> 127440 | L96: 50000
A97: iPhone 17 Pro 1024 Серебристый eSim | B97: https://cifrocity.com/catalog/apple/iphone_17_pro/apple_iphone_17_pro_1tb_esim_serebristyy_bez_rustore/ | C97: https://mgg.stores-apple.com/catalog/smartfon-apple-iphone-17-pro-1024-gb-serebristyj-esim/ | D97: https://девайс-прайс.рф/product/apple-iphone-17-pro/apple-iphone-17-pro-1tb-esim-serebristyi-bez-rustore | E97: 135490 | F97: 138390 | G97: 138490 | I97: =MIN(E97:G97) -> 135490 | J97: =AVERAGE(E97:G97) -> 137456.67 | L97: 50000
A98: iPhone 17 Pro 1024 Оранжевый Sim | C98: https://mgg.stores-apple.com/catalog/smartfon-apple-iphone-17-pro-1024-gb-oranzevyi/ | D98: https://девайс-прайс.рф/product/apple-iphone-17-pro/apple-iphone-17-pro-1tb-simesim-kosmicheskii-oranzhevyi-bez-rustore | F98: 136390 | G98: 138490 | I98: =MIN(E98:G98) -> 136390 | J98: =AVERAGE(E98:G98) -> 137440 | L98: 50000
A99: iPhone 17 Pro 1024 Синий Sim | C99: https://mgg.stores-apple.com/catalog/smartfon-apple-iphone-17-pro-1024-gb-sinij/ | D99: https://девайс-прайс.рф/product/apple-iphone-17-pro/apple-iphone-17-pro-1tb-simesim-glubokii-sinii-bez-rustore | F99: 1 | G99: 145490 | I99: =MIN(E99:G99) -> 1 | J99: =AVERAGE(E99:G99) -> 72745.5 | L99: 50000
A100: iPhone 17 Pro 1024 Серебристый Sim | C100: https://mgg.stores-apple.com/catalog/smartfon-apple-iphone-17-pro-1024-gb-serebristyj/ | D100: https://девайс-прайс.рф/product/apple-iphone-17-pro/apple-iphone-17-pro-1tb-simesim-serebristyi-bez-rustore | F100: 147390 | G100: 150990 | I100: =MIN(E100:G100) -> 147390 | J100: =AVERAGE(E100:G100) -> 149190 | L100: 50000
A101: iPhone 17 Pro Max 256 Оранжевый eSim | B101: https://cifrocity.com/catalog/apple/iphone_17_pro_max/apple_iphone_17_pro_max_256gb_esim_oranzhevyy_bez_rustore/ | C101: https://mgg.stores-apple.com/catalog/smartfon-apple-iphone-17-pro-max-256-gb-oranzevyi-esim/ | D101: https://девайс-прайс.рф/product/apple-iphone-17-pro-max/apple-iphone-17-pro-max-256gb-esim-kosmicheskii-oranzhevyi-bez-rustore | E101: 106490 | F101: 1 | G101: 106990 | I101: =MIN(E101:G101) -> 1 | J101: =AVERAGE(E101:G101) -> 71160.333 | L101: 50000
A102: iPhone 17 Pro Max 256 Синий eSim | B102: https://cifrocity.com/catalog/apple/iphone_17_pro_max/apple_iphone_17_pro_max_256gb_esim_siniy_bez_rustore/ | C102: https://mgg.stores-apple.com/catalog/smartfon-apple-iphone-17-pro-max-256-gb-sinij-esim/ | D102: https://девайс-прайс.рф/product/apple-iphone-17-pro-max/apple-iphone-17-pro-max-256gb-esim-glubokii-sinii-bez-rustore | E102: 106490 | F102: 105890 | G102: 107490 | I102: =MIN(E102:G102) -> 105890 | J102: =AVERAGE(E102:G102) -> 106623.33 | L102: 50000
A103: iPhone 17 Pro Max 256 Серебристый eSim | B103: https://cifrocity.com/catalog/apple/iphone_17_pro_max/apple_iphone_17_pro_max_256gb_belyy/ | C103: https://mgg.stores-apple.com/catalog/smartfon-apple-iphone-17-pro-max-256-gb-serebristyj-esim/ | D103: https://девайс-прайс.рф/product/apple-iphone-17-pro-max/apple-iphone-17-pro-max-256gb-esim-serebristyi-bez-rustore | E103: 109990 | F103: 106890 | G103: 109490 | I103: =MIN(E103:G103) -> 106890 | J103: =AVERAGE(E103:G103) -> 108790 | L103: 50000
A104: iPhone 17 Pro Max 256 Оранжевый Sim | B104: https://cifrocity.com/catalog/apple/iphone_17_pro_max/apple_iphone_17_pro_max_256gb_oranzhevyy/ | C104: https://mgg.stores-apple.com/catalog/smartfon-apple-iphone-17-pro-max-256-gb-oranzevyi/ | D104: https://девайс-прайс.рф/product/apple-iphone-17-pro-max/apple-iphone-17-pro-max-256gb-simesim-kosmicheskii-oranzhevyi-bez-rustore | E104: 112990 | F104: 110390 | G104: 113490 | I104: =MIN(E104:G104) -> 110390 | J104: =AVERAGE(E104:G104) -> 112290 | L104: 50000
A105: iPhone 17 Pro Max 256 Синий Sim | B105: https://cifrocity.com/catalog/apple/iphone_17_pro_max/apple_iphone_17_pro_max_256gb_siniy/ | C105: https://mgg.stores-apple.com/catalog/smartfon-apple-iphone-17-pro-max-256-gb-sinij/ | D105: https://девайс-прайс.рф/product/apple-iphone-17-pro-max/apple-iphone-17-pro-max-256gb-simesim-glubokii-sinii-bez-rustore | E105: 113990 | F105: 111890 | G105: 114490 | I105: =MIN(E105:G105) -> 111890 | J105: =AVERAGE(E105:G105) -> 113456.67 | L105: 50000
...

Sheet Сайт
A1: ID продукта | B1: Наименование товара | C1: Цена по акции | D1: Рассрочка
A2: 2425 | B2: Смартфон Apple iPhone 11 64 ГБ Чёрный | C2: 1
A3: 2426 | B3: Смартфон Apple iPhone 11 64 ГБ Желтый | C3: 1
A4: 2427 | B4: Смартфон Apple iPhone 11 64 ГБ Зелёный | C4: 1
A5: 2428 | B5: Смартфон Apple iPhone 11 64 ГБ Красный | C5: 1
A6: 2429 | B6: Смартфон Apple iPhone 11 64 ГБ Фиолетовый | C6: 1
A7: 2430 | B7: Смартфон Apple iPhone 11 64 ГБ Белый | C7: 1
A8: 2431 | B8: Смартфон Apple iPhone 11 128 ГБ Чёрный | C8: 1
A9: 2432 | B9: Смартфон Apple iPhone 11 128 ГБ Жёлтый | C9: 1
A10: 2433 | B10: Смартфон Apple iPhone 11 128 ГБ Зелёный | C10: 1
A11: 2434 | B11: Смартфон Apple iPhone 11 128 ГБ Красный | C11: 1
A12: 2435 | B12: Смартфон Apple iPhone 11 128 ГБ Фиолетовый | C12: 1
A13: 2436 | B13: Смартфон Apple iPhone 11 128 ГБ Белый | C13: 1
... A25: 2424 | B25: Смартфон Apple iPhone 12 128 ГБ Красный | C25: 1
A26: 2395 | B26: Смартфон Apple iPhone 13 128 ГБ Темная ночь | C26: =IFERROR(VLOOKUP(B26,'Лист1'!$A:$L,12,FALSE),"") -> 50000 | D26: =ROUND((C26*1.2)/36,0) -> 1667
A27: 2396 | B27: Смартфон Apple iPhone 13 128 ГБ Сияющая звезда | C27: =IFERROR(VLOOKUP(B27,'Лист1'!$A:$L,12,FALSE),"") -> 50000 | D27: =ROUND((C27*1.2)/36,0) -> 1667
A28: 2397 | B28: Смартфон Apple iPhone 13 128 ГБ Красный | C28: 1
A29: 2398 | B29: Смартфон Apple iPhone 13 128 ГБ Розовый | C29: 1
A30: 2399 | B30: Смартфон Apple iPhone 13 128 ГБ Синий | C30: 1
A31: 2400 | B31: Смартфон Apple iPhone 13 128 ГБ Зелёный | C31: 1
A32: 2401 | B32: Смартфон Apple iPhone 13 256 ГБ Темная ночь | C32: 1
A33: 2402 | B33: Смартфон Apple iPhone 13 256 ГБ Сияющая звезда | C33: 1
A34: 2403 | B34: Смартфон Apple iPhone 13 256 ГБ Красный | C34: 1
A35: 2404 | B35: Смартфон Apple iPhone 13 256 ГБ Розовый | C35: 1
A36: 2405 | B36: Смартфон Apple iPhone 13 256 ГБ Синий | C36: 1
A37: 2406 | B37: Смартфон Apple iPhone 13 256 ГБ Зелёный | C37: 1
A38: 2407 | B38: Смартфон Apple iPhone 13 512 ГБ Темная ночь | C38: 1
A39: 2408 | B39: Смартфон Apple iPhone 13 512 ГБ Сияющая звезда | C39: 1
... A43: 2412 | B43: Смартфон Apple iPhone 13 512 ГБ Зелёный | C43: 1
A44: 2380 | B44: Смартфон Apple iPhone 14 128 ГБ Темная ночь | C44: =IFERROR(VLOOKUP(B44,'Лист1'!$A:$L,12,FALSE),"") -> 50000 | D44: =ROUND((C44*1.2)/36,0) -> 1667
A45: 2381 | B45: Смартфон Apple iPhone 14 128 ГБ Cияющая звезда | C45: 1
A46: 2382 | B46: Смартфон Apple iPhone 14 128 ГБ Синий | C46: 1
A47: 2383 | B47: Смартфон Apple iPhone 14 128 ГБ Фиолетовый | C47: 1
A48: 2384 | B48: Смартфон Apple iPhone 14 128 ГБ Красный | C48: 1
A49: 2385 | B49: Смартфон Apple iPhone 14 256 ГБ Темная ночь | C49: 1
A50: 2386 | B50: Смартфон Apple iPhone 14 256 ГБ Cияющая звезда | C50: 1
A51: 2387 | B51: Смартфон Apple iPhone 14 256 ГБ Синий | C51: 1
A52: 2388 | B52: Смартфон Apple iPhone 14 256 ГБ Фиолетовый | C52: 1
A53: 2389 | B53: Смартфон Apple iPhone 14 256 ГБ Красный | C53: 1
A54: 2390 | B54: Смартфон Apple iPhone 14 512 ГБ Темная ночь | C54: 1
A55: 2391 | B55: Смартфон Apple iPhone 14 512 ГБ Cияющая звезда | C55: 1
A56: 2392 | B56: Смартфон Apple iPhone 14 512 ГБ Синий | C56: 1
... A58: 2394 | B58: Смартфон Apple iPhone 14 512 ГБ Красный | C58: 1
A59: 2350 | B59: Смартфон Apple iPhone 15 128 ГБ Розовый | C59: =IFERROR(VLOOKUP(B59,'Лист1'!$A:$L,12,FALSE),"") -> 50000 | D59: =ROUND((C59*1.2)/36,0) -> 1667
A60: 2351 | B60: Смартфон Apple iPhone 15 128 ГБ Синий | C60: =IFERROR(VLOOKUP(B60,'Лист1'!$A:$L,12,FALSE),"") -> 50000 | D60: =ROUND((C60*1.2)/36,0) -> 1667
A61: 2352 | B61: Смартфон Apple iPhone 15 128 ГБ Чёрный | C61: =IFERROR(VLOOKUP(B61,'Лист1'!$A:$L,12,FALSE),"") -> 50000 | D61: =ROUND((C61*1.2)/36,0) -> 1667
A62: 2353 | B62: Смартфон Apple iPhone 15 128 ГБ Желтый | C62: =C60 -> 50000 | D62: =ROUND((C62*1.2)/36,0) -> 1667
A63: 2354 | B63: Смартфон Apple iPhone 15 128 ГБ Зелёный | C63: =IFERROR(VLOOKUP(B63,'Лист1'!$A:$L,12,FALSE),"") -> 50000 | D63: =ROUND((C63*1.2)/36,0) -> 1667
A64: 2355 | B64: Смартфон Apple iPhone 15 256 ГБ Розовый | C64: =IFERROR(VLOOKUP(B64,'Лист1'!$A:$L,12,FALSE),"") -> 50000 | D64: =ROUND((C64*1.2)/36,0) -> 1667
A65: 2356 | B65: Смартфон Apple iPhone 15 256 ГБ Синий | C65: =IFERROR(VLOOKUP(B65,'Лист1'!$A:$L,12,FALSE),"") -> 50000 | D65: =ROUND((C65*1.2)/36,0) -> 1667
A66: 2357 | B66: Смартфон Apple iPhone 15 256 ГБ Чёрный | C66: =IFERROR(VLOOKUP(B66,'Лист1'!$A:$L,12,FALSE),"") -> 50000 | D66: =ROUND((C66*1.2)/36,0) -> 1667
A67: 2358 | B67: Смартфон Apple iPhone 15 256 ГБ Желтый | C67: =C65 -> 50000 | D67: =ROUND((C67*1.2)/36,0) -> 1667
A68: 2359 | B68: Смартфон Apple iPhone 15 256 ГБ Зелёный | C68: =IFERROR(VLOOKUP(B68,'Лист1'!$A:$L,12,FALSE),"") -> 50000 | D68: =ROUND((C68*1.2)/36,0) -> 1667
A69: 2360 | B69: Смартфон Apple iPhone 15 512 ГБ Розовый | C69: 1
A70: 2361 | B70: Смартфон Apple iPhone 15 512 ГБ Синий | C70: 1
A71: 2362 | B71: Смартфон Apple iPhone 15 512 ГБ Чёрный | C71: 1
A72: 2363 | B72: Смартфон Apple iPhone 15 512 ГБ Желтый | C72: 1
A73: 2364 | B73: Смартфон Apple iPhone 15 512 ГБ Зелёный | C73: 1
A74: 2319 | B74: Смартфон Apple iPhone 15 Pro 128 ГБ Синий титан | C74: 1
A75: 2320 | B75: Смартфон Apple iPhone 15 Pro 128 ГБ Натуральный титан | C75: 1
A76: 2321 | B76: Смартфон Apple iPhone 15 Pro 128 ГБ Белый титан | C76: 1
A77: 2322 | B77: Смартфон Apple iPhone 15 Pro 128 ГБ Черный титан | C77: 1
A78: 2323 | B78: Смартфон Apple iPhone 15 Pro 256 ГБ Синий титан | C78: 1
A79: 2324 | B79: Смартфон Apple iPhone 15 Pro 256 ГБ Натуральный титан | C79: 1
A80: 2325 | B80: Смартфон Apple iPhone 15 Pro 256 ГБ Белый титан | C80: 1
... A101: 2318 | B101: Смартфон Apple iPhone 15 Pro Max 1 ТБ Черный титан | C101: 1
A102: 3158 | B102: Смартфон Apple iPhone 16 128 ГБ белый | C102: =IFERROR(VLOOKUP(B102,'Лист1'!$A:$L,12,FALSE),"") -> 50000 | D102: =ROUND((C102*1.2)/36,0) -> 1667
A103: 3149 | B103: Смартфон Apple iPhone 16 128 ГБ бирюзовый | C103: =IFERROR(VLOOKUP(B103,'Лист1'!$A:$L,12,FALSE),"") -> 50000 | D103: =ROUND((C103*1.2)/36,0) -> 1667
A104: 3155 | B104: Смартфон Apple iPhone 16 128 ГБ розовый | C104: =IFERROR(VLOOKUP(B104,'Лист1'!$A:$L,12,FALSE),"") -> 50000 | D104: =ROUND((C104*1.2)/36,0) -> 1667
A105: 3164 | B105: Смартфон Apple iPhone 16 128 ГБ ультрамарин | C105: =IFERROR(VLOOKUP(B105,'Лист1'!$A:$L,12,FALSE),"") -> 50000 | D105: =ROUND((C105*1.2)/36,0) -> 1667
A106: 3161 | B106: Смартфон Apple iPhone 16 128 ГБ чёрный | C106: =IFERROR(VLOOKUP(B106,'Лист1'!$A:$L,12,FALSE),"") -> 50000 | D106: =ROUND((C106*1.2)/36,0) -> 1667
A107: 3159 | B107: Смартфон Apple iPhone 16 256 ГБ белый | C107: =IFERROR(VLOOKUP(B107,'Лист1'!$A:$L,12,FALSE),"") -> 50000 | D107: =ROUND((C107*1.2)/36,0) -> 1667
A108: 3150 | B108: Смартфон Apple iPhone 16 256 ГБ бирюзовый | C108: =IFERROR(VLOOKUP(B108,'Лист1'!$A:$L,12,FALSE),"") -> 50000 | D108: =ROUND((C108*1.2)/36,0) -> 1667
A109: 3156 | B109: Смартфон Apple iPhone 16 256 ГБ розовый | C109: =IFERROR(VLOOKUP(B109,'Лист1'!$A:$L,12,FALSE),"") -> 50000 | D109: =ROUND((C109*1.2)/36,0) -> 1667
A110: 3165 | B110: Смартфон Apple iPhone 16 256 ГБ ультрамарин | C110: =IFERROR(VLOOKUP(B110,'Лист1'!$A:$L,12,FALSE),"") -> 50000 | D110: =ROUND((C110*1.2)/36,0) -> 1667
A111: 3162 | B111: Смартфон Apple iPhone 16 256 ГБ чёрный | C111: =IFERROR(VLOOKUP(B111,'Лист1'!$A:$L,12,FALSE),"") -> 50000 | D111: =ROUND((C111*1.2)/36,0) -> 1667
A112: 3160 | B112: Смартфон Apple iPhone 16 512 ГБ белый | C112: 1
A113: 3151 | B113: Смартфон Apple iPhone 16 512 ГБ бирюзовый | C113: 1
A114: 3157 | B114: Смартфон Apple iPhone 16 512 ГБ розовый | C114: 1
A115: 3166 | B115: Смартфон Apple iPhone 16 512 ГБ ультрамарин | C115: 1
A116: 3163 | B116: Смартфон Apple iPhone 16 512 ГБ чёрный | C116: 1
A117: 3179 | B117: Смартфон Apple iPhone 16 Plus 128 ГБ белый | C117: =IFERROR(VLOOKUP(B117,'Лист1'!$A:$L,12,FALSE),"") -> 50000 | D117: =ROUND((C117*1.2)/36,0) -> 1667
A118: 3170 | B118: Смартфон Apple iPhone 16 Plus 128 ГБ бирюзовый | C118: =IFERROR(VLOOKUP(B118,'Лист1'!$A:$L,12,FALSE),"") -> 50000 | D118: =ROUND((C118*1.2)/36,0) -> 1667
A119: 3176 | B119: Смартфон Apple iPhone 16 Plus 128 ГБ розовый | C119: =IFERROR(VLOOKUP(B119,'Лист1'!$A:$L,12,FALSE),"") -> 50000 | D119: =ROUND((C119*1.2)/36,0) -> 1667
A120: 3185 | B120: Смартфон Apple iPhone 16 Plus 128 ГБ ультрамарин | C120: =IFERROR(VLOOKUP(B120,'Лист1'!$A:$L,12,FALSE),"") -> 50000 | D120: =ROUND((C120*1.2)/36,0) -> 1667
A121: 3182 | B121: Смартфон Apple iPhone 16 Plus 128 ГБ чёрный | C121: =IFERROR(VLOOKUP(B121,'Лист1'!$A:$L,12,FALSE),"") -> 50000 | D121: =ROUND((C121*1.2)/36,0) -> 1667
A122: 3180 | B122: Смартфон Apple iPhone 16 Plus 256 ГБ белый | C122: =IFERROR(VLOOKUP(B122,'Лист1'!$A:$L,12,FALSE),"") -> 50000 | D122: =ROUND((C122*1.2)/36,0) -> 1667
A123: 3171 | B123: Смартфон Apple iPhone 16 Plus 256 ГБ бирюзовый | C123: =IFERROR(VLOOKUP(B123,'Лист1'!$A:$L,12,FALSE),"") -> 50000 | D123: =ROUND((C123*1.2)/36,0) -> 1667
A124: 3177 | B124: Смартфон Apple iPhone 16 Plus 256 ГБ розовый | C124: =IFERROR(VLOOKUP(B124,'Лист1'!$A:$L,12,FALSE),"") -> 50000 | D124: =ROUND((C124*1.2)/36,0) -> 1667
A125: 3186 | B125: Смартфон Apple iPhone 16 Plus 256 ГБ ультрамарин | C125: =IFERROR(VLOOKUP(B125,'Лист1'!$A:$L,12,FALSE),"") -> 50000 | D125: =ROUND((C125*1.2)/36,0) -> 1667
A126: 3183 | B126: Смартфон Apple iPhone 16 Plus 256 ГБ чёрный | C126: =IFERROR(VLOOKUP(B126,'Лист1'!$A:$L,12,FALSE),"") -> 50000 | D126: =ROUND((C126*1.2)/36,0) -> 1667
A127: 3181 | B127: Смартфон Apple iPhone 16 Plus 512 ГБ белый | C127: 1
A128: 3172 | B128: Смартфон Apple iPhone 16 Plus 512 ГБ бирюзовый | C128: 1
A129: 3178 | B129: Смартфон Apple iPhone 16 Plus 512 ГБ розовый | C129: 1
A130: 3187 | B130: Смартфон Apple iPhone 16 Plus 512 ГБ ультрамарин | C130: 1
A131: 3184 | B131: Смартфон Apple iPhone 16 Plus 512 ГБ чёрный | C131: 1
A132: 3188 | B132: Смартфон Apple iPhone 16 Pro 128 ГБ белый титан | C132: =IFERROR(VLOOKUP(B132,'Лист1'!$A:$L,12,FALSE),"") -> 50000 | D132: =ROUND((C132*1.2)/36,0) -> 1667
A133: 3192 | B133: Смартфон Apple iPhone 16 Pro 128 ГБ пустынный титан | C133: =IFERROR(VLOOKUP(B133,'Лист1'!$A:$L,12,FALSE),"") -> 50000 | D133: =ROUND((C133*1.2)/36,0) -> 1667
A134: 3196 | B134: Смартфон Apple iPhone 16 Pro 128 ГБ натуральный титан | C134: =IFERROR(VLOOKUP(B134,'Лист1'!$A:$L,12,FALSE),"") -> 50000 | D134: =ROUND((C134*1.2)/36,0) -> 1667
A135: 3200 | B135: Смартфон Apple iPhone 16 Pro 128 ГБ черный титан | C135: =IFERROR(VLOOKUP(B135,'Лист1'!$A:$L,12,FALSE),"") -> 50000 | D135: =ROUND((C135*1.2)/36,0) -> 1667
...

Sheet Цены Авито АппГрейд
A1: ID | B1: Название | C1: Состояние | D1: Актуальная цена | E1: Новая цена
A2: 8478996403 | B2: iPhone 17 Pro Max, 256 ГБ, SIM + eSIM | C2: Б/У | D2: 95990
A3: 8425731761 | B3: iPhone 15 Pro Max, 256 ГБ, SIM + eSIM | C3: Б/У | D3: 54990
A4: 8421542531 | B4: Телевизор SMART TV 43" | C4: Новый | D4: 18990
A5: 8406991566 | B5: iPhone 18 Pro 256 Бургунди eSim | C5: Новый | D5: 144990 | E5: =IFERROR(VLOOKUP(B5,'Лист1'!$A:$L,12,FALSE),"") -> 50000
A6: 8367651571 | B6: Игровой ноутбук Neobieher | C6: Б/У | D6: 48990
A7: 8341657429 | B7: iPhone 13, 128 ГБ, SIM + eSIM | C7: Б/У | D7: 22990
A8: 8341582568 | B8: Телевизор SMART TV 32" | C8: Новый | D8: 12990
A9: 8341456025 | B9: iPhone 17 Pro Max, 512 ГБ, SIM + eSIM | C9: Б/У | D9: 121990
A10: 8341035435 | B10: iPhone 18 Pro Max 512 Небесно-голубой eSim | C10: Новый | D10: 184990 | E10: =IFERROR(VLOOKUP(B10,'Лист1'!$A:$L,12,FALSE),"") -> 50000
A11: 8340991761 | B11: iPhone 11, 128 ГБ, SIM + eSIM | C11: Б/У | D11: 14990
A12: 8326570265 | B12: iPhone 18 Pro Max 256 Небесно-голубой eSim | C12: Новый | D12: 174990 | E12: =IFERROR(VLOOKUP(B12,'Лист1'!$A:$L,12,FALSE),"") -> 50000
A13: 8323946523 | B13: iPhone 18 Pro Max 512 Бургунди eSim | C13: Новый | D13: 192990 | E13: =IFERROR(VLOOKUP(B13,'Лист1'!$A:$L,12,FALSE),"") -> 50000
A14: 8314848502 | B14: iPhone 18 Pro Max 256 Бургунди eSim | C14: Новый | D14: 174990 | E14: =IFERROR(VLOOKUP(B14,'Лист1'!$A:$L,12,FALSE),"") -> 50000
A15: 8314317793 | B15: iPhone 11, 64 ГБ, SIM + eSIM | C15: Б/У | D15: 13990
A16: 8304615743 | B16: Apple Watch SE2 44mm | C16: Б/У | D16: 8990
A17: 8274734574 | B17: iPhone 16e, 128 ГБ, eSIM | C17: Б/У | D17: 34990
A18: 8264857647 | B18: iPhone 15, 128 ГБ, SIM + eSIM | C18: Б/У | D18: 33990
A19: 8251624306 | B19: iPhone 18 Pro 512 Бургунди eSim | C19: Новый | D19: 169990 | E19: =IFERROR(VLOOKUP(B19,'Лист1'!$A:$L,12,FALSE),"") -> 50000
A20: 8187750769 | B20: Наушники Яндекс Дропс | C20: Новый | D20: 8490
A21: 8186978365 | B21: JBL Boombox 3 | C21: Новый | D21: 30990
A22: 8123848818 | B22: Игра NHL 26 PS5 | C22: Новый | D22: 6000
A23: 8123845669 | B23: Dyson Supersonic HD18 / Дайсон | C23: Новый | D23: 34990
A24: 8123781880 | B24: Беспроводной PowerBank Voltme 5.000 mAh | C24: Новый | D24: 4000
A25: 8123781466 | B25: Игра God Of War 3 PS4 | C25: Новый | D25: 1200
A26: 8123754401 | B26: MacBook Air 15 M5 16/1024 Рассрочка. Гарантия | C26: Новый | D26: 163990 | E26: ПОЗЖЕ
A27: 8123745418 | B27: Игра Dead Island 2 PS4 | C27: Новый | D27: 2700
A28: 8123719697 | B28: Смартфон Samsung Galaxy S26 256 ГБ белый | C28: Новый | D28: 64990 | E28: =IFERROR(VLOOKUP(B28,'Лист1'!$A:$L,12,FALSE),"") -> 64890
A29: 8123709338 | B29: Игра Robocop Rogue City PS5 | C29: Новый | D29: 2500
A30: 8123690447 | B30: Игра The Last Of Us Part 1 PS5 | C30: Новый | D30: 3300
A31: 8123675194 | B31: Адаптер питания Voltme 45W 2USB-C / USB | C31: Новый | D31: 4000
A32: 8123672082 | B32: Смартфон Samsung Galaxy S25 Plus 12/512 ГБ, зелёный | C32: Новый | D32: 71990 | E32: =IFERROR(VLOOKUP(B32,'Лист1'!$A:$L,12,FALSE),"") -> 71890
A33: 8123670325 | B33: Смартфон Samsung Galaxy S26 512 ГБ белый | C33: Новый | D33: 73990 | E33: =IFERROR(VLOOKUP(B33,'Лист1'!$A:$L,12,FALSE),"") -> 71890
A34: 8123643364 | B34: Смартфон Samsung Galaxy S25 FE 8/512 синий/белый | C34: Новый | D34: 54990 | E34: =IFERROR(VLOOKUP(B34,'Лист1'!$A:$L,12,FALSE),"") -> 57890
A35: 8123584829 | B35: MacBook Air 13 M5 24/1024 Рассрочка. Гарантия | C35: Новый | D35: 169990 | E35: ПОЗЖЕ
A36: 8123578602 | B36: Смартфон Samsung Galaxy S26 Ultra 512 ГБ серебристый | C36: Новый | D36: 93990 | E36: =IFERROR(VLOOKUP(B36,'Лист1'!$A:$L,12,FALSE),"") -> 97390
A37: 8123561642 | B37: Смарт-часы Apple Watch SE 3 44 мм, тёмная ночь | C37: Новый | D37: 25990 | E37: =IFERROR(VLOOKUP(B37,'Лист1'!$A:$L,12,FALSE),"") -> 22890
A38: 8123554725 | B38: Зарядная станция acefast 3 в 1 | C38: Новый | D38: 2990
A39: 8123546250 | B39: Смарт-часы Apple Watch SE 3 44 мм, сияющая звезда | C39: Новый | D39: 25990 | E39: =IFERROR(VLOOKUP(B39,'Лист1'!$A:$L,12,FALSE),"") -> 24890
A40: 8123543834 | B40: Игра Mortal Kombat 1 PS5 | C40: Новый | D40: 3000
A41: 8123529685 | B41: Игра Resident Evil 4 PS4 | C41: Новый | D41: 2000
A42: 8123508095 | B42: Игра Mafia The Old Country PS5 | C42: Новый | D42: 4000
A43: 8123495762 | B43: Адаптер питания Voltme 20W | C43: Новый | D43: 2000
A44: 8123477376 | B44: Игра EA FC 26 PS4 | C44: Новый | D44: 5200
A45: 8123472926 | B45: Смартфон Samsung Galaxy S25 Edge 12/256 ГБ черный | C45: Новый | D45: 51990 | E45: =IFERROR(VLOOKUP(B45,'Лист1'!$A:$L,12,FALSE),"") -> 59390
A46: 8123415447 | B46: Игра Hogwarts Legacy PS5 | C46: Новый | D46: 2500
A47: 8123410072 | B47: Ray-Ban Wayfarer RW4008 Shiny Black/Clear L | C47: Новый | D47: 25990
A48: 8123389853 | B48: Игра Mortal Kombat 11 PS5 | C48: Новый | D48: 2000
A49: 8123374274 | B49: Смартфон Samsung Galaxy S26 Ultra 256 ГБ черный/белый | C49: Новый | D49: 78990 | E49: =IFERROR(VLOOKUP(B49,'Лист1'!$A:$L,12,FALSE),"") -> 78390
A50: 8123362741 | B50: Игра UFC 5 PS5 | C50: Новый | D50: 2800
A51: 8123357937 | B51: Игра The Crew PS4 | C51: Новый | D51: 1500
A52: 8123354683 | B52: Смарт-часы Apple Watch SE 3 40 мм, сияющая звезда | C52: Новый | D52: 22490 | E52: =IFERROR(VLOOKUP(B52,'Лист1'!$A:$L,12,FALSE),"") -> 21890
A53: 8123348096 | B53: Смартфон Samsung Galaxy S25 12/512 ГБ розовый | C53: Новый | D53: 64990 | E53: =IFERROR(VLOOKUP(B53,'Лист1'!$A:$L,12,FALSE),"") -> 61390
A54: 8123324878 | B54: Зарядная станция Apple Watch | C54: Новый | D54: 1990
A55: 8123317171 | B55: Смартфон Samsung Galaxy S25 FE 8/256 черный/белый | C55: Новый | D55: 49990 | E55: =IFERROR(VLOOKUP(B55,'Лист1'!$A:$L,12,FALSE),"") -> 46890
A56: 8123306556 | B56: Беспроводные наушники hoco ANC | C56: Новый | D56: 2990
A57: 8123283266 | B57: Смартфон Samsung Galaxy S26 Ultra 512 ГБ серебристый | C57: Новый | D57: 93990 | E57: =IFERROR(VLOOKUP(B57,'Лист1'!$A:$L,12,FALSE),"") -> 97390
A58: 8123265211 | B58: Смартфон Samsung Galaxy S25 Edge 12/512 ГБ черный | C58: Новый | D58: 59990 | E58: =IFERROR(VLOOKUP(B58,'Лист1'!$A:$L,12,FALSE),"") -> 60890
A59: 8123263135 | B59: Игра Grand The Auto (GTA ) 5 PS5 | C59: Новый | D59: 2000
A60: 8123262817 | B60: Игра Village Resident Evil PS5 | C60: Новый | D60: 2500
A61: 8123253176 | B61: MacBook Air 13 M5 16/1024 Рассрочка. Гарантия | C61: Новый | D61: 142990 | E61: ПОЗЖЕ
A62: 8123235103 | B62: Игра The Last Of Us Part 2 Remastered PS5 | C62: Новый | D62: 3300
A63: 8123216609 | B63: Игра Mafia 3 PS4 | C63: Новый | D63: 1500
A64: 8123106800 | B64: MacBook Air 15 M5 16/512 Рассрочка. Гарантия | C64: Новый | D64: 154990 | E64: ПОЗЖЕ
A65: 8123101095 | B65: Игра Watch Dogs Legion PS4 | C65: Новый | D65: 1300
A66: 8123031127 | B66: MacBook Air 15 M5 24/1024 Рассрочка. Гарантия | C66: Новый | D66: 191990 | E66: ПОЗЖЕ
A67: 8123011601 | B67: Игра Mass Effect Andromeda PS4 | C67: Новый | D67: 1500
A68: 8123000855 | B68: MacBook Air 13 M5 16/512 Рассрочка. Гарантия | C68: Новый | D68: 139990 | E68: ПОЗЖЕ
A69: 8122964796 | B69: Кабель питания Original Apple | C69: Новый | D69: 2490
A70: 8122944874 | B70: Игра Tekken 8 PS5 | C70: Новый | D70: 3500
A71: 8122935644 | B71: Смартфон Samsung Galaxy S26 Plus 512 ГБ серебристый | C71: Новый | D71: 83990 | E71: =IFERROR(VLOOKUP(B71,'Лист1'!$A:$L,12,FALSE),"") -> 84390
A72: 8122906754 | B72: Замена аккумулятора iPhone / Android | C72: Новый
A73: 8091795056 | B73: Apple macbook air 13 2020 i3 | C73: Б/У | D73: 15000
A74: 8091445087 | B74: Ремонт телефонов iPhone/Android | C74: Новый
A75: 8091136813 | B75: JBL Xtreme 4 | C75: Новый | D75: 24990
A76: 8059660764 | B76: Смартфон Samsung Galaxy S25 Ultra 12/512 ГБ, серый | C76: Новый | D76: 77990 | E76: =IFERROR(VLOOKUP(B76,'Лист1'!$A:$L,12,FALSE),"") -> 74390
A77: 8059541297 | B77: Наушники Apple AirPods Max USB-C полуночный черный MWW43 | C77: Новый | D77: 39990 | E77: =IFERROR(VLOOKUP(B77,'Лист1'!$A:$L,12,FALSE),"") -> 39890
A78: 8059337503 | B78: Беспроводные наушники AirPods Pro (3-го поколения) | C78: Новый | D78: 18990 | E78: =IFERROR(VLOOKUP(B78,'Лист1'!$A:$L,12,FALSE),"") -> 18390
A79: 8027837504 | B79: iPhone 17 512 Лавандовый eSim | C79: Новый | D79: 98990 | E79: =IFERROR(VLOOKUP(B79,'Лист1'!$A:$L,12,FALSE),"") -> 50000
A80: 8027777505 | B80: iPhone 17 512 Чёрный eSim | C80: Новый | D80: 98990 | E80: =IFERROR(VLOOKUP(B80,'Лист1'!$A:$L,12,FALSE),"") -> 50000
A81: 8027762656 | B81: iPhone 17 256 Лавандовый Sim | C81: Новый | D81: 79990 | E81: =IFERROR(VLOOKUP(B81,'Лист1'!$A:$L,12,FALSE),"") -> 50000
A82: 8027455071 | B82: iPhone 17 512 Синий Sim | C82: Новый | D82: 99990 | E82: =IFERROR(VLOOKUP(B82,'Лист1'!$A:$L,12,FALSE),"") -> 50000
A83: 8027402787 | B83: iPhone 17 256 Синий Sim | C83: Новый | D83: 79990 | E83: =IFERROR(VLOOKUP(B83,'Лист1'!$A:$L,12,FALSE),"") -> 50000
A84: 8027280580 | B84: iPhone 17 256 Синий eSim | C84: Новый | D84: 78990 | E84: =IFERROR(VLOOKUP(B84,'Лист1'!$A:$L,12,FALSE),"") -> 50000
A85: 8027148620 | B85: iPhone 17 512 Чёрный Sim | C85: Новый | D85: 99990 | E85: =IFERROR(VLOOKUP(B85,'Лист1'!$A:$L,12,FALSE),"") -> 50000
A86: 8027147448 | B86: iPhone 17 256 Чёрный Sim | C86: Новый | D86: 79990 | E86: =IFERROR(VLOOKUP(B86,'Лист1'!$A:$L,12,FALSE),"") -> 50000
A87: 8027114002 | B87: iPhone 17 256 Зелёный eSim | C87: Новый | D87: 78990 | E87: =IFERROR(VLOOKUP(B87,'Лист1'!$A:$L,12,FALSE),"") -> 50000
... A129: 7770949062 | B129: iPhone 17 Pro Max 2048 Оранжевый eSim | C129: Новый | D129: 150990 | E129: =IFERROR(VLOOKUP(B129,'Лист1'!$A:$L,12,FALSE),"") -> 50000
A130: 7675235516 | B130: Fifa 2026 ps 5 | C130: Новый | D130: 6000
A131: 7643676594 | B131: iPhone 17 Pro 256 Оранжевый eSim | C131: Новый | D131: 97990 | E131: =IFERROR(VLOOKUP(B131,'Лист1'!$A:$L,12,FALSE),"") -> 50000
A132: 7643620660 | B132: Планшет Apple iPad 11" 2025 Wi‑Fi 128 ГБ голубой | C132: Новый | D132: 40990 | E132: =IFERROR(VLOOKUP(B132,'Лист1'!$A:$L,12,FALSE),"") -> 40390
A133: 7643405995 | B133: iPhone 17 Pro 512 Серебристый eSim | C133: Новый | D133: 117990 | E133: =IFERROR(VLOOKUP(B133,'Лист1'!$A:$L,12,FALSE),"") -> 50000
A134: 7643354276 | B134: iPhone 17 Pro Max 256 Серебристый eSim | C134: Новый | D134: 107990 | E134: =IFERROR(VLOOKUP(B134,'Лист1'!$A:$L,12,FALSE),"") -> 50000
A135: 7515950935 | B135: Смартфон Apple iPhone 15 256 ГБ Синий | C135: Новый | D135: 69990 | E135: =IFERROR(VLOOKUP(B135,'Лист1'!$A:$L,12,FALSE),"") -> 50000
A136: 7483207367 | B136: Беспроводные наушники Marshall Major 5 белый | C136: Новый | D136: 7990
A137: 4668443596 | B137: Смартфон Samsung Galaxy S25 Plus 12/256 ГБ, зелёный | C137: Новый | D137: 59990 | E137: =IFERROR(VLOOKUP(B137,'Лист1'!$A:$L,12,FALSE),"") -> 60390
A138: 4668401947 | B138: Зарядная станция DualSense PS5 | C138: Новый | D138: 3490
A139: 4668305186 | B139: Смартфон Samsung Galaxy S25 Ultra 12/512 ГБ синий титан | C139: Новый | D139: 77990 | E139: =IFERROR(VLOOKUP(B139,'Лист1'!$A:$L,12,FALSE),"") -> 74390
A140: 4668146245 | B140: Смартфон Samsung Galaxy S25 12/256 ГБ розовый | C140: Новый | D140: 54990 | E140: =IFERROR(VLOOKUP(B140,'Лист1'!$A:$L,12,FALSE),"") -> 56890
A141: 4667830010 | B141: Samsung Galaxy S24 Ultra, 12/512 ГБ | C141: Новый | D141: 70990
...

Sheet Ценники для ТГ и ИНСТ
A1: Категория | B1: Подкатегория | C1: Модель | D1: Для бота | E1: Для бота | F1: Для бота | G1: Цена | H1: Раздел
A2: [ iPhone 13 / 14 / 15 ] | C2: iPhone 13 128 | D2: =IF(B2<>"",B2,IF(A2=A1,D1,"")) | E2: =IF(ISNUMBER(SEARCH("air",C2)),"*",IF(D2="","*",IF(ISNUMBER(SEARCH("без",D2)),"*eSIM","* SIM"))) -> * | F2: =IFERROR(__xludf.DUMMYFUNCTION("IF(ISNUMBER(SEARCH(""air"",C2)),""*air*""&REGEXEXTRACT(C2,""\d+"")&""*"",""*""&C2&""*"")"),"*iPhone 13 128*") -> *iPhone 13 128* | G2: =IFERROR(MINIFS('Лист1'!$L:$L,'Лист1'!$A:$A,F2,'Лист1'!$A:$A,E2,'Лист1'!$L:$L,"<>"),"") -> 50000 | H2: iPhone
A3: [ iPhone 13 / 14 / 15 ] | C3: iPhone 14 128 | D3: =IF(B3<>"",B3,IF(A3=A2,D2,"")) | E3: =IF(ISNUMBER(SEARCH("air",C3)),"*",IF(D3="","*",IF(ISNUMBER(SEARCH("без",D3)),"*eSIM","* SIM"))) -> * | F3: =IFERROR(__xludf.DUMMYFUNCTION("IF(ISNUMBER(SEARCH(""air"",C3)),""*air*""&REGEXEXTRACT(C3,""\d+"")&""*"",""*""&C3&""*"")"),"*iPhone 14 128*") -> *iPhone 14 128* | G3: =IFERROR(MINIFS('Лист1'!$L:$L,'Лист1'!$A:$A,F3,'Лист1'!$A:$A,E3,'Лист1'!$L:$L,"<>"),"") -> 50000 | H3: iPhone
A4: [ iPhone 13 / 14 / 15 ] | C4: iPhone 15 128 | D4: =IF(B4<>"",B4,IF(A4=A3,D3,"")) | E4: =IF(ISNUMBER(SEARCH("air",C4)),"*",IF(D4="","*",IF(ISNUMBER(SEARCH("без",D4)),"*eSIM","* SIM"))) -> * | F4: =IFERROR(__xludf.DUMMYFUNCTION("IF(ISNUMBER(SEARCH(""air"",C4)),""*air*""&REGEXEXTRACT(C4,""\d+"")&""*"",""*""&C4&""*"")"),"*iPhone 15 128*") -> *iPhone 15 128* | G4: =IFERROR(MINIFS('Лист1'!$L:$L,'Лист1'!$A:$A,F4,'Лист1'!$A:$A,E4,'Лист1'!$L:$L,"<>"),"") -> 50000 | H4: iPhone
A5: [ iPhone 13 / 14 / 15 ] | C5: iPhone 15 256 | D5: =IF(B5<>"",B5,IF(A5=A4,D4,"")) | E5: =IF(ISNUMBER(SEARCH("air",C5)),"*",IF(D5="","*",IF(ISNUMBER(SEARCH("без",D5)),"*eSIM","* SIM"))) -> * | F5: =IFERROR(__xludf.DUMMYFUNCTION("IF(ISNUMBER(SEARCH(""air"",C5)),""*air*""&REGEXEXTRACT(C5,""\d+"")&""*"",""*""&C5&""*"")"),"*iPhone 15 256*") -> *iPhone 15 256* | G5: =IFERROR(MINIFS('Лист1'!$L:$L,'Лист1'!$A:$A,F5,'Лист1'!$A:$A,E5,'Лист1'!$L:$L,"<>"),"") -> 50000 | H5: iPhone
A6: [ iPhone 13 / 14 / 15 ] | C6: iPhone 15 plus 128 | D6: =IF(B6<>"",B6,IF(A6=A5,D5,"")) | E6: =IF(ISNUMBER(SEARCH("air",C6)),"*",IF(D6="","*",IF(ISNUMBER(SEARCH("без",D6)),"*eSIM","* SIM"))) -> * | F6: =IFERROR(__xludf.DUMMYFUNCTION("IF(ISNUMBER(SEARCH(""air"",C6)),""*air*""&REGEXEXTRACT(C6,""\d+"")&""*"",""*""&C6&""*"")"),"*iPhone 15 plus 128*") -> *iPhone 15 plus 128* | G6: =IFERROR(MINIFS('Лист1'!$L:$L,'Лист1'!$A:$A,F6,'Лист1'!$A:$A,E6,'Лист1'!$L:$L,"<>"),"") -> 0 | H6: iPhone
A7: [ iPhone 13 / 14 / 15 ] | C7: iPhone 15 plus 256 | D7: =IF(B7<>"",B7,IF(A7=A6,D6,"")) | E7: =IF(ISNUMBER(SEARCH("air",C7)),"*",IF(D7="","*",IF(ISNUMBER(SEARCH("без",D7)),"*eSIM","* SIM"))) -> * | F7: =IFERROR(__xludf.DUMMYFUNCTION("IF(ISNUMBER(SEARCH(""air"",C7)),""*air*""&REGEXEXTRACT(C7,""\d+"")&""*"",""*""&C7&""*"")"),"*iPhone 15 plus 256*") -> *iPhone 15 plus 256* | G7: =IFERROR(MINIFS('Лист1'!$L:$L,'Лист1'!$A:$A,F7,'Лист1'!$A:$A,E7,'Лист1'!$L:$L,"<>"),"") -> 0 | H7: iPhone
A8: [ iPhone 16 ] | C8: iPhone 16e 128 | D8: =IF(B8<>"",B8,IF(A8=A7,D7,"")) | E8: =IF(ISNUMBER(SEARCH("air",C8)),"*",IF(D8="","*",IF(ISNUMBER(SEARCH("без",D8)),"*eSIM","* SIM"))) -> * | F8: =IFERROR(__xludf.DUMMYFUNCTION("IF(ISNUMBER(SEARCH(""air"",C8)),""*air*""&REGEXEXTRACT(C8,""\d+"")&""*"",""*""&C8&""*"")"),"*iPhone 16e 128*") -> *iPhone 16e 128* | G8: =IFERROR(MINIFS('Лист1'!$L:$L,'Лист1'!$A:$A,F8,'Лист1'!$A:$A,E8,'Лист1'!$L:$L,"<>"),"") -> 50000 | H8: iPhone
A9: [ iPhone 16 ] | C9: iPhone 16e 256 | D9: =IF(B9<>"",B9,IF(A9=A8,D8,"")) | E9: =IF(ISNUMBER(SEARCH("air",C9)),"*",IF(D9="","*",IF(ISNUMBER(SEARCH("без",D9)),"*eSIM","* SIM"))) -> * | F9: =IFERROR(__xludf.DUMMYFUNCTION("IF(ISNUMBER(SEARCH(""air"",C9)),""*air*""&REGEXEXTRACT(C9,""\d+"")&""*"",""*""&C9&""*"")"),"*iPhone 16e 256*") -> *iPhone 16e 256* | G9: =IFERROR(MINIFS('Лист1'!$L:$L,'Лист1'!$A:$A,F9,'Лист1'!$A:$A,E9,'Лист1'!$L:$L,"<>"),"") -> 50000 | H9: iPhone
A10: [ iPhone 16 ] | C10: iPhone 16 128 | D10: =IF(B10<>"",B10,IF(A10=A9,D9,"")) | E10: =IF(ISNUMBER(SEARCH("air",C10)),"*",IF(D10="","*",IF(ISNUMBER(SEARCH("без",D10)),"*eSIM","* SIM"))) -> * | F10: =IFERROR(__xludf.DUMMYFUNCTION("IF(ISNUMBER(SEARCH(""air"",C10)),""*air*""&REGEXEXTRACT(C10,""\d+"")&""*"",""*""&C10&""*"")"),"*iPhone 16 128*") -> *iPhone 16 128* | G10: =IFERROR(MINIFS('Лист1'!$L:$L,'Лист1'!$A:$A,F10,'Лист1'!$A:$A,E10,'Лист1'!$L:$L,"<>"),"") -> 50000 | H10: iPhone
A11: [ iPhone 16 ] | C11: iPhone 16 256 | D11: =IF(B11<>"",B11,IF(A11=A10,D10,"")) | E11: =IF(ISNUMBER(SEARCH("air",C11)),"*",IF(D11="","*",IF(ISNUMBER(SEARCH("без",D11)),"*eSIM","* SIM"))) -> * | F11: =IFERROR(__xludf.DUMMYFUNCTION("IF(ISNUMBER(SEARCH(""air"",C11)),""*air*""&REGEXEXTRACT(C11,""\d+"")&""*"",""*""&C11&""*"")"),"*iPhone 16 256*") -> *iPhone 16 256* | G11: =IFERROR(MINIFS('Лист1'!$L:$L,'Лист1'!$A:$A,F11,'Лист1'!$A:$A,E11,'Лист1'!$L:$L,"<>"),"") -> 50000 | H11: iPhone
A12: [ iPhone 16 ] | C12: iPhone 16 Plus 128 | D12: =IF(B12<>"",B12,IF(A12=A11,D11,"")) | E12: =IF(ISNUMBER(SEARCH("air",C12)),"*",IF(D12="","*",IF(ISNUMBER(SEARCH("без",D12)),"*eSIM","* SIM"))) -> * | F12: =IFERROR(__xludf.DUMMYFUNCTION("IF(ISNUMBER(SEARCH(""air"",C12)),""*air*""&REGEXEXTRACT(C12,""\d+"")&""*"",""*""&C12&""*"")"),"*iPhone 16 Plus 128*") -> *iPhone 16 Plus 128* | G12: =IFERROR(MINIFS('Лист1'!$L:$L,'Лист1'!$A:$A,F12,'Лист1'!$A:$A,E12,'Лист1'!$L:$L,"<>"),"") -> 50000 | H12: iPhone
A13: [ iPhone 16 ] | C13: iPhone 16 Plus 256 | D13: =IF(B13<>"",B13,IF(A13=A12,D12,"")) | E13: =IF(ISNUMBER(SEARCH("air",C13)),"*",IF(D13="","*",IF(ISNUMBER(SEARCH("без",D13)),"*eSIM","* SIM"))) -> * | F13: =IFERROR(__xludf.DUMMYFUNCTION("IF(ISNUMBER(SEARCH(""air"",C13)),""*air*""&REGEXEXTRACT(C13,""\d+"")&""*"",""*""&C13&""*"")"),"*iPhone 16 Plus 256*") -> *iPhone 16 Plus 256* | G13: =IFERROR(MINIFS('Лист1'!$L:$L,'Лист1'!$A:$A,F13,'Лист1'!$A:$A,E13,'Лист1'!$L:$L,"<>"),"") -> 50000 | H13: iPhone
A14: [ iPhone 16 ] | C14: iPhone 16 Pro 128 | D14: =IF(B14<>"",B14,IF(A14=A13,D13,"")) | E14: =IF(ISNUMBER(SEARCH("air",C14)),"*",IF(D14="","*",IF(ISNUMBER(SEARCH("без",D14)),"*eSIM","* SIM"))) -> * | F14: =IFERROR(__xludf.DUMMYFUNCTION("IF(ISNUMBER(SEARCH(""air"",C14)),""*air*""&REGEXEXTRACT(C14,""\d+"")&""*"",""*""&C14&""*"")"),"*iPhone 16 Pro 128*") -> *iPhone 16 Pro 128* | G14: =IFERROR(MINIFS('Лист1'!$L:$L,'Лист1'!$A:$A,F14,'Лист1'!$A:$A,E14,'Лист1'!$L:$L,"<>"),"") -> 50000 | H14: iPhone
A15: [ iPhone 16 ] | C15: iPhone 16 Pro Max 256 | D15: =IF(B15<>"",B15,IF(A15=A14,D14,"")) | E15: =IF(ISNUMBER(SEARCH("air",C15)),"*",IF(D15="","*",IF(ISNUMBER(SEARCH("без",D15)),"*eSIM","* SIM"))) -> * | F15: =IFERROR(__xludf.DUMMYFUNCTION("IF(ISNUMBER(SEARCH(""air"",C15)),""*air*""&REGEXEXTRACT(C15,""\d+"")&""*"",""*""&C15&""*"")"),"*iPhone 16 Pro Max 256*") -> *iPhone 16 Pro Max 256* | G15: =IFERROR(MINIFS('Лист1'!$L:$L,'Лист1'!$A:$A,F15,'Лист1'!$A:$A,E15,'Лист1'!$L:$L,"<>"),"") -> 50000 | H15: iPhone
A16: [ iPhone 17 ] | B16: Версия с физической сим-картой: | C16: iPhone 17E 256 | D16: =IF(B16<>"",B16,IF(A16=A15,D15,"")) -> Версия с физической сим-картой: | E16: =IF(ISNUMBER(SEARCH("air",C16)),"*",IF(D16="","*",IF(ISNUMBER(SEARCH("без",D16)),"*eSIM","* SIM"))) -> * SIM | F16: =IFERROR(__xludf.DUMMYFUNCTION("IF(ISNUMBER(SEARCH(""air"",C16)),""*air*""&REGEXEXTRACT(C16,""\d+"")&""*"",""*""&C16&""*"")"),"*iPhone 17E 256*") -> *iPhone 17E 256* | G16: =IFERROR(MINIFS('Лист1'!$L:$L,'Лист1'!$A:$A,F16,'Лист1'!$A:$A,E16,'Лист1'!$L:$L,"<>"),"") -> 50000 | H16: iPhone
A17: [ iPhone 17 ] | B17: Версия с физической сим-картой: | C17: iPhone 17 256 | D17: =IF(B17<>"",B17,IF(A17=A16,D16,"")) -> Версия с физической сим-картой: | E17: =IF(ISNUMBER(SEARCH("air",C17)),"*",IF(D17="","*",IF(ISNUMBER(SEARCH("без",D17)),"*eSIM","* SIM"))) -> * SIM | F17: =IFERROR(__xludf.DUMMYFUNCTION("IF(ISNUMBER(SEARCH(""air"",C17)),""*air*""&REGEXEXTRACT(C17,""\d+"")&""*"",""*""&C17&""*"")"),"*iPhone 17 256*") -> *iPhone 17 256* | G17: =IFERROR(MINIFS('Лист1'!$L:$L,'Лист1'!$A:$A,F17,'Лист1'!$A:$A,E17,'Лист1'!$L:$L,"<>"),"") -> 50000 | H17: iPhone
A18: [ iPhone 17 ] | B18: Версия с физической сим-картой: | C18: iPhone 17 512 | D18: =IF(B18<>"",B18,IF(A18=A17,D17,"")) -> Версия с физической сим-картой: | E18: =IF(ISNUMBER(SEARCH("air",C18)),"*",IF(D18="","*",IF(ISNUMBER(SEARCH("без",D18)),"*eSIM","* SIM"))) -> * SIM | F18: =IFERROR(__xludf.DUMMYFUNCTION("IF(ISNUMBER(SEARCH(""air"",C18)),""*air*""&REGEXEXTRACT(C18,""\d+"")&""*"",""*""&C18&""*"")"),"*iPhone 17 512*") -> *iPhone 17 512* | G18: =IFERROR(MINIFS('Лист1'!$L:$L,'Лист1'!$A:$A,F18,'Лист1'!$A:$A,E18,'Лист1'!$L:$L,"<>"),"") -> 50000 | H18: iPhone
A19: [ iPhone 17 ] | B19: Версия с физической сим-картой: | C19: iPhone 17 Pro 256 | D19: =IF(B19<>"",B19,IF(A19=A18,D18,"")) -> Версия с физической сим-картой: | E19: =IF(ISNUMBER(SEARCH("air",C19)),"*",IF(D19="","*",IF(ISNUMBER(SEARCH("без",D19)),"*eSIM","* SIM"))) -> * SIM | F19: =IFERROR(__xludf.DUMMYFUNCTION("IF(ISNUMBER(SEARCH(""air"",C19)),""*air*""&REGEXEXTRACT(C19,""\d+"")&""*"",""*""&C19&""*"")"),"*iPhone 17 Pro 256*") -> *iPhone 17 Pro 256* | G19: =IFERROR(MINIFS('Лист1'!$L:$L,'Лист1'!$A:$A,F19,'Лист1'!$A:$A,E19,'Лист1'!$L:$L,"<>"),"") -> 50000 | H19: iPhone
A20: [ iPhone 17 ] | B20: Версия с физической сим-картой: | C20: iPhone 17 Pro 512 | D20: =IF(B20<>"",B20,IF(A20=A19,D19,"")) -> Версия с физической сим-картой: | E20: =IF(ISNUMBER(SEARCH("air",C20)),"*",IF(D20="","*",IF(ISNUMBER(SEARCH("без",D20)),"*eSIM","* SIM"))) -> * SIM | F20: =IFERROR(__xludf.DUMMYFUNCTION("IF(ISNUMBER(SEARCH(""air"",C20)),""*air*""&REGEXEXTRACT(C20,""\d+"")&""*"",""*""&C20&""*"")"),"*iPhone 17 Pro 512*") -> *iPhone 17 Pro 512* | G20: =IFERROR(MINIFS('Лист1'!$L:$L,'Лист1'!$A:$A,F20,'Лист1'!$A:$A,E20,'Лист1'!$L:$L,"<>"),"") -> 50000 | H20: iPhone
A21: [ iPhone 17 ] | B21: Версия с физической сим-картой: | C21: iPhone 17 Pro 1024 | D21: =IF(B21<>"",B21,IF(A21=A20,D20,"")) -> Версия с физической сим-картой: | E21: =IF(ISNUMBER(SEARCH("air",C21)),"*",IF(D21="","*",IF(ISNUMBER(SEARCH("без",D21)),"*eSIM","* SIM"))) -> * SIM | F21: =IFERROR(__xludf.DUMMYFUNCTION("IF(ISNUMBER(SEARCH(""air"",C21)),""*air*""&REGEXEXTRACT(C21,""\d+"")&""*"",""*""&C21&""*"")"),"*iPhone 17 Pro 1024*") -> *iPhone 17 Pro 1024* | G21: =IFERROR(MINIFS('Лист1'!$L:$L,'Лист1'!$A:$A,F21,'Лист1'!$A:$A,E21,'Лист1'!$L:$L,"<>"),"") -> 50000 | H21: iPhone
A22: [ iPhone 17 ] | B22: Версия с физической сим-картой: | C22: iPhone 17 Pro Max 256 | D22: =IF(B22<>"",B22,IF(A22=A21,D21,"")) -> Версия с физической сим-картой: | E22: =IF(ISNUMBER(SEARCH("air",C22)),"*",IF(D22="","*",IF(ISNUMBER(SEARCH("без",D22)),"*eSIM","* SIM"))) -> * SIM | F22: =IFERROR(__xludf.DUMMYFUNCTION("IF(ISNUMBER(SEARCH(""air"",C22)),""*air*""&REGEXEXTRACT(C22,""\d+"")&""*"",""*""&C22&""*"")"),"*iPhone 17 Pro Max 256*") -> *iPhone 17 Pro Max 256* | G22: =IFERROR(MINIFS('Лист1'!$L:$L,'Лист1'!$A:$A,F22,'Лист1'!$A:$A,E22,'Лист1'!$L:$L,"<>"),"") -> 50000 | H22: iPhone
A23: [ iPhone 17 ] | B23: Версия с физической сим-картой: | C23: iPhone 17 Pro Max 512 | D23: =IF(B23<>"",B23,IF(A23=A22,D22,"")) -> Версия с физической сим-картой: | E23: =IF(ISNUMBER(SEARCH("air",C23)),"*",IF(D23="","*",IF(ISNUMBER(SEARCH("без",D23)),"*eSIM","* SIM"))) -> * SIM | F23: =IFERROR(__xludf.DUMMYFUNCTION("IF(ISNUMBER(SEARCH(""air"",C23)),""*air*""&REGEXEXTRACT(C23,""\d+"")&""*"",""*""&C23&""*"")"),"*iPhone 17 Pro Max 512*") -> *iPhone 17 Pro Max 512* | G23: =IFERROR(MINIFS('Лист1'!$L:$L,'Лист1'!$A:$A,F23,'Лист1'!$A:$A,E23,'Лист1'!$L:$L,"<>"),"") -> 50000 | H23: iPhone
A24: [ iPhone 17 ] | B24: Версия с физической сим-картой: | C24: iPhone 17 Pro Max 1024 | D24: =IF(B24<>"",B24,IF(A24=A23,D23,"")) -> Версия с физической сим-картой: | E24: =IF(ISNUMBER(SEARCH("air",C24)),"*",IF(D24="","*",IF(ISNUMBER(SEARCH("без",D24)),"*eSIM","* SIM"))) -> * SIM | F24: =IFERROR(__xludf.DUMMYFUNCTION("IF(ISNUMBER(SEARCH(""air"",C24)),""*air*""&REGEXEXTRACT(C24,""\d+"")&""*"",""*""&C24&""*"")"),"*iPhone 17 Pro Max 1024*") -> *iPhone 17 Pro Max 1024* | G24: =IFERROR(MINIFS('Лист1'!$L:$L,'Лист1'!$A:$A,F24,'Лист1'!$A:$A,E24,'Лист1'!$L:$L,"<>"),"") -> 50000 | H24: iPhone
A25: [ iPhone 17 ] | B25: Версия с физической сим-картой: | C25: iPhone 17 Pro Max 2048 | D25: =IF(B25<>"",B25,IF(A25=A24,D24,"")) -> Версия с физической сим-картой: | E25: =IF(ISNUMBER(SEARCH("air",C25)),"*",IF(D25="","*",IF(ISNUMBER(SEARCH("без",D25)),"*eSIM","* SIM"))) -> * SIM | F25: =IFERROR(__xludf.DUMMYFUNCTION("IF(ISNUMBER(SEARCH(""air"",C25)),""*air*""&REGEXEXTRACT(C25,""\d+"")&""*"",""*""&C25&""*"")"),"*iPhone 17 Pro Max 2048*") -> *iPhone 17 Pro Max 2048* | G25: =IFERROR(MINIFS('Лист1'!$L:$L,'Лист1'!$A:$A,F25,'Лист1'!$A:$A,E25,'Лист1'!$L:$L,"<>"),"") -> 50000 | H25: iPhone
A26: [ iPhone 17 ] | B26: Версия без физической сим-карты: | C26: iPhone 17 256 | D26: =IF(B26<>"",B26,IF(A26=A25,D25,"")) -> Версия без физической сим-карты: | E26: =IF(ISNUMBER(SEARCH("air",C26)),"*",IF(D26="","*",IF(ISNUMBER(SEARCH("без",D26)),"*eSIM","* SIM"))) -> *eSIM | F26: =IFERROR(__xludf.DUMMYFUNCTION("IF(ISNUMBER(SEARCH(""air"",C26)),""*air*""&REGEXEXTRACT(C26,""\d+"")&""*"",""*""&C26&""*"")"),"*iPhone 17 256*") -> *iPhone 17 256* | G26: =IFERROR(MINIFS('Лист1'!$L:$L,'Лист1'!$A:$A,F26,'Лист1'!$A:$A,E26,'Лист1'!$L:$L,"<>"),"") -> 50000 | H26: iPhone
A27: [ iPhone 17 ] | B27: Версия без физической сим-карты: | C27: iPhone 17 512 | D27: =IF(B27<>"",B27,IF(A27=A26,D26,"")) -> Версия без физической сим-карты: | E27: =IF(ISNUMBER(SEARCH("air",C27)),"*",IF(D27="","*",IF(ISNUMBER(SEARCH("без",D27)),"*eSIM","* SIM"))) -> *eSIM | F27: =IFERROR(__xludf.DUMMYFUNCTION("IF(ISNUMBER(SEARCH(""air"",C27)),""*air*""&REGEXEXTRACT(C27,""\d+"")&""*"",""*""&C27&""*"")"),"*iPhone 17 512*") -> *iPhone 17 512* | G27: =IFERROR(MINIFS('Лист1'!$L:$L,'Лист1'!$A:$A,F27,'Лист1'!$A:$A,E27,'Лист1'!$L:$L,"<>"),"") -> 50000 | H27: iPhone
A28: [ iPhone 17 ] | B28: Версия без физической сим-карты: | C28: iPhone Air 256 | D28: =IF(B28<>"",B28,IF(A28=A27,D27,"")) -> Версия без физической сим-карты: | E28: =IF(ISNUMBER(SEARCH("air",C28)),"*",IF(D28="","*",IF(ISNUMBER(SEARCH("без",D28)),"*eSIM","* SIM"))) -> * | F28: =IFERROR(__xludf.DUMMYFUNCTION("IF(ISNUMBER(SEARCH(""air"",C28)),""*air*""&REGEXEXTRACT(C28,""\d+"")&""*"",""*""&C28&""*"")"),"*air*256*") -> *air*256* | G28: =IFERROR(MINIFS('Лист1'!$L:$L,'Лист1'!$A:$A,F28,'Лист1'!$A:$A,E28,'Лист1'!$L:$L,"<>"),"") -> 50000 | H28: iPhone
A29: [ iPhone 17 ] | B29: Версия без физической сим-карты: | C29: iPhone Air 512 | D29: =IF(B29<>"",B29,IF(A29=A28,D28,"")) -> Версия без физической сим-карты: | E29: =IF(ISNUMBER(SEARCH("air",C29)),"*",IF(D29="","*",IF(ISNUMBER(SEARCH("без",D29)),"*eSIM","* SIM"))) -> * | F29: =IFERROR(__xludf.DUMMYFUNCTION("IF(ISNUMBER(SEARCH(""air"",C29)),""*air*""&REGEXEXTRACT(C29,""\d+"")&""*"",""*""&C29&""*"")"),"*air*512*") -> *air*512* | G29: =IFERROR(MINIFS('Лист1'!$L:$L,'Лист1'!$A:$A,F29,'Лист1'!$A:$A,E29,'Лист1'!$L:$L,"<>"),"") -> 50000 | H29: iPhone
A30: [ iPhone 17 ] | B30: Версия без физической сим-карты: | C30: iPhone Air 1024 | D30: =IF(B30<>"",B30,IF(A30=A29,D29,"")) -> Версия без физической сим-карты: | E30: =IF(ISNUMBER(SEARCH("air",C30)),"*",IF(D30="","*",IF(ISNUMBER(SEARCH("без",D30)),"*eSIM","* SIM"))) -> * | F30: =IFERROR(__xludf.DUMMYFUNCTION("IF(ISNUMBER(SEARCH(""air"",C30)),""*air*""&REGEXEXTRACT(C30,""\d+"")&""*"",""*""&C30&""*"")"),"*air*1024*") -> *air*1024* | G30: =IFERROR(MINIFS('Лист1'!$L:$L,'Лист1'!$A:$A,F30,'Лист1'!$A:$A,E30,'Лист1'!$L:$L,"<>"),"") -> 92390 | H30: iPhone
A31: [ iPhone 17 ] | B31: Версия без физической сим-карты: | C31: iPhone 17 Pro 256 | D31: =IF(B31<>"",B31,IF(A31=A30,D30,"")) -> Версия без физической сим-карты: | E31: =IF(ISNUMBER(SEARCH("air",C31)),"*",IF(D31="","*",IF(ISNUMBER(SEARCH("без",D31)),"*eSIM","* SIM"))) -> *eSIM | F31: =IFERROR(__xludf.DUMMYFUNCTION("IF(ISNUMBER(SEARCH(""air"",C31)),""*air*""&REGEXEXTRACT(C31,""\d+"")&""*"",""*""&C31&""*"")"),"*iPhone 17 Pro 256*") -> *iPhone 17 Pro 256* | G31: =IFERROR(MINIFS('Лист1'!$L:$L,'Лист1'!$A:$A,F31,'Лист1'!$A:$A,E31,'Лист1'!$L:$L,"<>"),"") -> 50000 | H31: iPhone
A32: [ iPhone 17 ] | B32: Версия без физической сим-карты: | C32: iPhone 17 Pro 512 | D32: =IF(B32<>"",B32,IF(A32=A31,D31,"")) -> Версия без физической сим-карты: | E32: =IF(ISNUMBER(SEARCH("air",C32)),"*",IF(D32="","*",IF(ISNUMBER(SEARCH("без",D32)),"*eSIM","* SIM"))) -> *eSIM | F32: =IFERROR(__xludf.DUMMYFUNCTION("IF(ISNUMBER(SEARCH(""air"",C32)),""*air*""&REGEXEXTRACT(C32,""\d+"")&""*"",""*""&C32&""*"")"),"*iPhone 17 Pro 512*") -> *iPhone 17 Pro 512* | G32: =IFERROR(MINIFS('Лист1'!$L:$L,'Лист1'!$A:$A,F32,'Лист1'!$A:$A,E32,'Лист1'!$L:$L,"<>"),"") -> 50000 | H32: iPhone
A33: [ iPhone 17 ] | B33: Версия без физической сим-карты: | C33: iPhone 17 Pro 1024 | D33: =IF(B33<>"",B33,IF(A33=A32,D32,"")) -> Версия без физической сим-карты: | E33: =IF(ISNUMBER(SEARCH("air",C33)),"*",IF(D33="","*",IF(ISNUMBER(SEARCH("без",D33)),"*eSIM","* SIM"))) -> *eSIM | F33: =IFERROR(__xludf.DUMMYFUNCTION("IF(ISNUMBER(SEARCH(""air"",C33)),""*air*""&REGEXEXTRACT(C33,""\d+"")&""*"",""*""&C33&""*"")"),"*iPhone 17 Pro 1024*") -> *iPhone 17 Pro 1024* | G33: =IFERROR(MINIFS('Лист1'!$L:$L,'Лист1'!$A:$A,F33,'Лист1'!$A:$A,E33,'Лист1'!$L:$L,"<>"),"") -> 50000 | H33: iPhone
A34: [ iPhone 17 ] | B34: Версия без физической сим-карты: | C34: iPhone 17 Pro Max 256 | D34: =IF(B34<>"",B34,IF(A34=A33,D33,"")) -> Версия без физической сим-карты: | E34: =IF(ISNUMBER(SEARCH("air",C34)),"*",IF(D34="","*",IF(ISNUMBER(SEARCH("без",D34)),"*eSIM","* SIM"))) -> *eSIM | F34: =IFERROR(__xludf.DUMMYFUNCTION("IF(ISNUMBER(SEARCH(""air"",C34)),""*air*""&REGEXEXTRACT(C34,""\d+"")&""*"",""*""&C34&""*"")"),"*iPhone 17 Pro Max 256*") -> *iPhone 17 Pro Max 256* | G34: =IFERROR(MINIFS('Лист1'!$L:$L,'Лист1'!$A:$A,F34,'Лист1'!$A:$A,E34,'Лист1'!$L:$L,"<>"),"") -> 50000 | H34: iPhone
A35: [ iPhone 17 ] | B35: Версия без физической сим-карты: | C35: iPhone 17 Pro Max 512 | D35: =IF(B35<>"",B35,IF(A35=A34,D34,"")) -> Версия без физической сим-карты: | E35: =IF(ISNUMBER(SEARCH("air",C35)),"*",IF(D35="","*",IF(ISNUMBER(SEARCH("без",D35)),"*eSIM","* SIM"))) -> *eSIM | F35: =IFERROR(__xludf.DUMMYFUNCTION("IF(ISNUMBER(SEARCH(""air"",C35)),""*air*""&REGEXEXTRACT(C35,""\d+"")&""*"",""*""&C35&""*"")"),"*iPhone 17 Pro Max 512*") -> *iPhone 17 Pro Max 512* | G35: =IFERROR(MINIFS('Лист1'!$L:$L,'Лист1'!$A:$A,F35,'Лист1'!$A:$A,E35,'Лист1'!$L:$L,"<>"),"") -> 50000 | H35: iPhone
A36: [ iPhone 17 ] | B36: Версия без физической сим-карты: | C36: iPhone 17 Pro Max 1024 | D36: =IF(B36<>"",B36,IF(A36=A35,D35,"")) -> Версия без физической сим-карты: | E36: =IF(ISNUMBER(SEARCH("air",C36)),"*",IF(D36="","*",IF(ISNUMBER(SEARCH("без",D36)),"*eSIM","* SIM"))) -> *eSIM | F36: =IFERROR(__xludf.DUMMYFUNCTION("IF(ISNUMBER(SEARCH(""air"",C36)),""*air*""&REGEXEXTRACT(C36,""\d+"")&""*"",""*""&C36&""*"")"),"*iPhone 17 Pro Max 1024*") -> *iPhone 17 Pro Max 1024* | G36: =IFERROR(MINIFS('Лист1'!$L:$L,'Лист1'!$A:$A,F36,'Лист1'!$A:$A,E36,'Лист1'!$L:$L,"<>"),"") -> 50000 | H36: iPhone
A37: [ iPhone 17 ] | B37: Версия без физической сим-карты: | C37: iPhone 17 Pro Max 2048 | D37: =IF(B37<>"",B37,IF(A37=A36,D36,"")) -> Версия без физической сим-карты: | E37: =IF(ISNUMBER(SEARCH("air",C37)),"*",IF(D37="","*",IF(ISNUMBER(SEARCH("без",D37)),"*eSIM","* SIM"))) -> *eSIM | F37: =IFERROR(__xludf.DUMMYFUNCTION("IF(ISNUMBER(SEARCH(""air"",C37)),""*air*""&REGEXEXTRACT(C37,""\d+"")&""*"",""*""&C37&""*"")"),"*iPhone 17 Pro Max 2048*") -> *iPhone 17 Pro Max 2048* | G37: =IFERROR(MINIFS('Лист1'!$L:$L,'Лист1'!$A:$A,F37,'Лист1'!$A:$A,E37,'Лист1'!$L:$L,"<>"),"") -> 50000 | H37: iPhone
A38: [ iPhone 18 ] | B38: Версия без физической сим-карты: | C38: iPhone 18 Pro 256 | D38: =IF(B38<>"",B38,IF(A38=A37,D37,"")) -> Версия без физической сим-карты: | E38: =IF(ISNUMBER(SEARCH("air",C38)),"*",IF(D38="","*",IF(ISNUMBER(SEARCH("без",D38)),"*eSIM","* SIM"))) -> *eSIM | F38: =IFERROR(__xludf.DUMMYFUNCTION("IF(ISNUMBER(SEARCH(""air"",C38)),""*air*""&REGEXEXTRACT(C38,""\d+"")&""*"",""*""&C38&""*"")"),"*iPhone 18 Pro 256 *") -> *iPhone 18 Pro 256 * | G38: =IFERROR(MINIFS('Лист1'!$L:$L,'Лист1'!$A:$A,F38,'Лист1'!$A:$A,E38,'Лист1'!$L:$L,"<>"),"") -> 50000 | H38: iPhone
A39: [ iPhone 18 ] | B39: Версия без физической сим-карты: | C39: iPhone 18 Pro 512 | D39: =IF(B39<>"",B39,IF(A39=A38,D38,"")) -> Версия без физической сим-карты: | E39: =IF(ISNUMBER(SEARCH("air",C39)),"*",IF(D39="","*",IF(ISNUMBER(SEARCH("без",D39)),"*eSIM","* SIM"))) -> *eSIM | F39: =IFERROR(__xludf.DUMMYFUNCTION("IF(ISNUMBER(SEARCH(""air"",C39)),""*air*""&REGEXEXTRACT(C39,""\d+"")&""*"",""*""&C39&""*"")"),"*iPhone 18 Pro 512*") -> *iPhone 18 Pro 512* | G39: =IFERROR(MINIFS('Лист1'!$L:$L,'Лист1'!$A:$A,F39,'Лист1'!$A:$A,E39,'Лист1'!$L:$L,"<>"),"") -> 50000 | H39: iPhone
A40: [ iPhone 18 ] | B40: Версия без физической сим-карты: | C40: iPhone 18 Pro 1024 | D40: =IF(B40<>"",B40,IF(A40=A39,D39,"")) -> Версия без физической сим-карты: | E40: =IF(ISNUMBER(SEARCH("air",C40)),"*",IF(D40="","*",IF(ISNUMBER(SEARCH("без",D40)),"*eSIM","* SIM"))) -> *eSIM | F40: =IFERROR(__xludf.DUMMYFUNCTION("IF(ISNUMBER(SEARCH(""air"",C40)),""*air*""&REGEXEXTRACT(C40,""\d+"")&""*"",""*""&C40&""*"")"),"*iPhone 18 Pro 1024*") -> *iPhone 18 Pro 1024* | G40: =IFERROR(MINIFS('Лист1'!$L:$L,'Лист1'!$A:$A,F40,'Лист1'!$A:$A,E40,'Лист1'!$L:$L,"<>"),"") -> 50000 | H40: iPhone
A41: [ iPhone 18 ] | B41: Версия без физической сим-карты: | C41: iPhone 18 Pro 2048 | D41: =IF(B41<>"",B41,IF(A41=A40,D40,"")) -> Версия без физической сим-карты: | E41: =IF(ISNUMBER(SEARCH("air",C41)),"*",IF(D41="","*",IF(ISNUMBER(SEARCH("без",D41)),"*eSIM","* SIM"))) -> *eSIM | F41: =IFERROR(__xludf.DUMMYFUNCTION("IF(ISNUMBER(SEARCH(""air"",C41)),""*air*""&REGEXEXTRACT(C41,""\d+"")&""*"",""*""&C41&""*"")"),"*iPhone 18 Pro 2048*") -> *iPhone 18 Pro 2048* | G41: =IFERROR(MINIFS('Лист1'!$L:$L,'Лист1'!$A:$A,F41,'Лист1'!$A:$A,E41,'Лист1'!$L:$L,"<>"),"") -> 50000 | H41: iPhone
A42: [ iPhone 18 ] | B42: Версия с физической сим-картой: | C42: iPhone 18 Pro 256 | D42: =IF(B42<>"",B42,IF(A42=#REF!,#REF!,"")) -> Версия с физической сим-картой: | E42: =IF(ISNUMBER(SEARCH("air",C42)),"*",IF(D42="","*",IF(ISNUMBER(SEARCH("без",D42)),"*eSIM","* SIM"))) -> * SIM | F42: =IFERROR(__xludf.DUMMYFUNCTION("IF(ISNUMBER(SEARCH(""air"",C42)),""*air*""&REGEXEXTRACT(C42,""\d+"")&""*"",""*""&C42&""*"")"),"*iPhone 18 Pro 256 *") -> *iPhone 18 Pro 256 * | G42: =IFERROR(MINIFS('Лист1'!$L:$L,'Лист1'!$A:$A,F42,'Лист1'!$A:$A,E42,'Лист1'!$L:$L,"<>"),"") -> 50000 | H42: iPhone
A43: [ iPhone 18 ] | B43: Версия с физической сим-картой: | C43: iPhone 18 Pro 512 | D43: =IF(B43<>"",B43,IF(A43=A42,D42,"")) -> Версия с физической сим-картой: | E43: =IF(ISNUMBER(SEARCH("air",C43)),"*",IF(D43="","*",IF(ISNUMBER(SEARCH("без",D43)),"*eSIM","* SIM"))) -> * SIM | F43: =IFERROR(__xludf.DUMMYFUNCTION("IF(ISNUMBER(SEARCH(""air"",C43)),""*air*""&REGEXEXTRACT(C43,""\d+"")&""*"",""*""&C43&""*"")"),"*iPhone 18 Pro 512*") -> *iPhone 18 Pro 512* | G43: =IFERROR(MINIFS('Лист1'!$L:$L,'Лист1'!$A:$A,F43,'Лист1'!$A:$A,E43,'Лист1'!$L:$L,"<>"),"") -> 50000 | H43: iPhone
A44: [ iPhone 18 ] | B44: Версия с физической сим-картой: | C44: iPhone 18 Pro 1024 | D44: =IF(B44<>"",B44,IF(A44=A43,D43,"")) -> Версия с физической сим-картой: | E44: =IF(ISNUMBER(SEARCH("air",C44)),"*",IF(D44="","*",IF(ISNUMBER(SEARCH("без",D44)),"*eSIM","* SIM"))) -> * SIM | F44: =IFERROR(__xludf.DUMMYFUNCTION("IF(ISNUMBER(SEARCH(""air"",C44)),""*air*""&REGEXEXTRACT(C44,""\d+"")&""*"",""*""&C44&""*"")"),"*iPhone 18 Pro 1024*") -> *iPhone 18 Pro 1024* | G44: =IFERROR(MINIFS('Лист1'!$L:$L,'Лист1'!$A:$A,F44,'Лист1'!$A:$A,E44,'Лист1'!$L:$L,"<>"),"") -> 50000 | H44: iPhone
A45: [ iPhone 18 ] | B45: Версия с физической сим-картой: | C45: iPhone 18 Pro 2048 | D45: =IF(B45<>"",B45,IF(A45=A44,D44,"")) -> Версия с физической сим-картой: | E45: =IF(ISNUMBER(SEARCH("air",C45)),"*",IF(D45="","*",IF(ISNUMBER(SEARCH("без",D45)),"*eSIM","* SIM"))) -> * SIM | F45: =IFERROR(__xludf.DUMMYFUNCTION("IF(ISNUMBER(SEARCH(""air"",C45)),""*air*""&REGEXEXTRACT(C45,""\d+"")&""*"",""*""&C45&""*"")"),"*iPhone 18 Pro 2048*") -> *iPhone 18 Pro 2048* | G45: =IFERROR(MINIFS('Лист1'!$L:$L,'Лист1'!$A:$A,F45,'Лист1'!$A:$A,E45,'Лист1'!$L:$L,"<>"),"") -> 50000 | H45: iPhone
A46: [ iPhone 18 ] | B46: Версия без физической сим-карты: | C46: iPhone 18 Pro Max 256 | D46: =IF(B46<>"",B46,IF(A46=#REF!,#REF!,"")) -> Версия без физической сим-карты: | E46: =IF(ISNUMBER(SEARCH("air",C46)),"*",IF(D46="","*",IF(ISNUMBER(SEARCH("без",D46)),"*eSIM","* SIM"))) -> *eSIM | F46: =IFERROR(__xludf.DUMMYFUNCTION("IF(ISNUMBER(SEARCH(""air"",C46)),""*air*""&REGEXEXTRACT(C46,""\d+"")&""*"",""*""&C46&""*"")"),"*iPhone 18 Pro Max 256 *") -> *iPhone 18 Pro Max 256 * | G46: =IFERROR(MINIFS('Лист1'!$L:$L,'Лист1'!$A:$A,F46,'Лист1'!$A:$A,E46,'Лист1'!$L:$L,"<>"),"") -> 50000 | H46: iPhone
A47: [ iPhone 18 ] | B47: Версия без физической сим-карты: | C47: iPhone 18 Pro Max 512 | D47: =IF(B47<>"",B47,IF(A47=A46,D46,"")) -> Версия без физической сим-карты: | E47: =IF(ISNUMBER(SEARCH("air",C47)),"*",IF(D47="","*",IF(ISNUMBER(SEARCH("без",D47)),"*eSIM","* SIM"))) -> *eSIM | F47: =IFERROR(__xludf.DUMMYFUNCTION("IF(ISNUMBER(SEARCH(""air"",C47)),""*air*""&REGEXEXTRACT(C47,""\d+"")&""*"",""*""&C47&""*"")"),"*iPhone 18 Pro Max 512*") -> *iPhone 18 Pro Max 512* | G47: =IFERROR(MINIFS('Лист1'!$L:$L,'Лист1'!$A:$A,F47,'Лист1'!$A:$A,E47,'Лист1'!$L:$L,"<>"),"") -> 50000 | H47: iPhone
A48: [ iPhone 18 ] | B48: Версия без физической сим-карты: | C48: iPhone 18 Pro Max 1024 | D48: =IF(B48<>"",B48,IF(A48=A47,D47,"")) -> Версия без физической сим-карты: | E48: =IF(ISNUMBER(SEARCH("air",C48)),"*",IF(D48="","*",IF(ISNUMBER(SEARCH("без",D48)),"*eSIM","* SIM"))) -> *eSIM | F48: =IFERROR(__xludf.DUMMYFUNCTION("IF(ISNUMBER(SEARCH(""air"",C48)),""*air*""&REGEXEXTRACT(C48,""\d+"")&""*"",""*""&C48&""*"")"),"*iPhone 18 Pro Max 1024*") -> *iPhone 18 Pro Max 1024* | G48: =IFERROR(MINIFS('Лист1'!$L:$L,'Лист1'!$A:$A,F48,'Лист1'!$A:$A,E48,'Лист1'!$L:$L,"<>"),"") -> 50000 | H48: iPhone
A49: [ iPhone 18 ] | B49: Версия без физической сим-карты: | C49: iPhone 18 Pro Max 2048 | D49: =IF(B49<>"",B49,IF(A49=A48,D48,"")) -> Версия без физической сим-карты: | E49: =IF(ISNUMBER(SEARCH("air",C49)),"*",IF(D49="","*",IF(ISNUMBER(SEARCH("без",D49)),"*eSIM","* SIM"))) -> *eSIM | F49: =IFERROR(__xludf.DUMMYFUNCTION("IF(ISNUMBER(SEARCH(""air"",C49)),""*air*""&REGEXEXTRACT(C49,""\d+"")&""*"",""*""&C49&""*"")"),"*iPhone 18 Pro Max 2048*") -> *iPhone 18 Pro Max 2048* | G49: =IFERROR(MINIFS('Лист1'!$L:$L,'Лист1'!$A:$A,F49,'Лист1'!$A:$A,E49,'Лист1'!$L:$L,"<>"),"") -> 1 | H49: iPhone
A50: [ iPhone 18 ] | B50: Версия с физической сим-картой: | C50: iPhone 18 Pro Max 256 | D50: =IF(B50<>"",B50,IF(A50=#REF!,#REF!,"")) -> Версия с физической сим-картой: | E50: =IF(ISNUMBER(SEARCH("air",C50)),"*",IF(D50="","*",IF(ISNUMBER(SEARCH("без",D50)),"*eSIM","* SIM"))) -> * SIM | F50: =IFERROR(__xludf.DUMMYFUNCTION("IF(ISNUMBER(SEARCH(""air"",C50)),""*air*""&REGEXEXTRACT(C50,""\d+"")&""*"",""*""&C50&""*"")"),"*iPhone 18 Pro Max 256 *") -> *iPhone 18 Pro Max 256 * | G50: =IFERROR(MINIFS('Лист1'!$L:$L,'Лист1'!$A:$A,F50,'Лист1'!$A:$A,E50,'Лист1'!$L:$L,"<>"),"") -> 50000 | H50: iPhone
A51: [ iPhone 18 ] | B51: Версия с физической сим-картой: | C51: iPhone 18 Pro Max 512 | D51: =IF(B51<>"",B51,IF(A51=A50,D50,"")) -> Версия с физической сим-картой: | E51: =IF(ISNUMBER(SEARCH("air",C51)),"*",IF(D51="","*",IF(ISNUMBER(SEARCH("без",D51)),"*eSIM","* SIM"))) -> * SIM | F51: =IFERROR(__xludf.DUMMYFUNCTION("IF(ISNUMBER(SEARCH(""air"",C51)),""*air*""&REGEXEXTRACT(C51,""\d+"")&""*"",""*""&C51&""*"")"),"*iPhone 18 Pro Max 512*") -> *iPhone 18 Pro Max 512* | G51: =IFERROR(MINIFS('Лист1'!$L:$L,'Лист1'!$A:$A,F51,'Лист1'!$A:$A,E51,'Лист1'!$L:$L,"<>"),"") -> 50000 | H51: iPhone
A52: [ iPhone 18 ] | B52: Версия с физической сим-картой: | C52: iPhone 18 Pro Max 1024 | D52: =IF(B52<>"",B52,IF(A52=A51,D51,"")) -> Версия с физической сим-картой: | E52: =IF(ISNUMBER(SEARCH("air",C52)),"*",IF(D52="","*",IF(ISNUMBER(SEARCH("без",D52)),"*eSIM","* SIM"))) -> * SIM | F52: =IFERROR(__xludf.DUMMYFUNCTION("IF(ISNUMBER(SEARCH(""air"",C52)),""*air*""&REGEXEXTRACT(C52,""\d+"")&""*"",""*""&C52&""*"")"),"*iPhone 18 Pro Max 1024*") -> *iPhone 18 Pro Max 1024* | G52: =IFERROR(MINIFS('Лист1'!$L:$L,'Лист1'!$A:$A,F52,'Лист1'!$A:$A,E52,'Лист1'!$L:$L,"<>"),"") -> 50000 | H52: iPhone
A53: [ iPhone 18 ] | B53: Версия с физической сим-картой: | C53: iPhone 18 Pro Max 2048 | D53: =IF(B53<>"",B53,IF(A53=A52,D52,"")) -> Версия с физической сим-картой: | E53: =IF(ISNUMBER(SEARCH("air",C53)),"*",IF(D53="","*",IF(ISNUMBER(SEARCH("без",D53)),"*eSIM","* SIM"))) -> * SIM | F53: =IFERROR(__xludf.DUMMYFUNCTION("IF(ISNUMBER(SEARCH(""air"",C53)),""*air*""&REGEXEXTRACT(C53,""\d+"")&""*"",""*""&C53&""*"")"),"*iPhone 18 Pro Max 2048*") -> *iPhone 18 Pro Max 2048* | G53: =IFERROR(MINIFS('Лист1'!$L:$L,'Лист1'!$A:$A,F53,'Лист1'!$A:$A,E53,'Лист1'!$L:$L,"<>"),"") -> 50000 | H53: iPhone

Sheet Ценники ВК
A1: id | B1: available | C1: name | D1: price | E1: old_price | F1: currencyId | G1: categoryId | H1: vkCategory | I1: weight | J1: dimensions | K1: ae_stock | L1: url | M1: picture | N1: description | O1: category_name

Sheet Цены Авито KingStore

Sheet mgg Каталог
A1: Категория | B1: Подкатегория | C1: Название | D1: Ссылка
A2: Apple iPhone | B2: iPhone 18 Pro Max | C2: Смартфон Apple iPhone 18 Pro Max 256 ГБ Dark Black | Чёрный eSIM | D2: https://mgg.stores-apple.com/catalog/smartfon_apple_iphone_18_pro_max_256_gb_dark_grey_tyemno_seryy_esim/
A3: Apple iPhone | B3: iPhone 18 Pro Max | C3: Смартфон Apple iPhone 18 Pro Max 256 ГБ Silver | Серебро eSIM | D3: https://mgg.stores-apple.com/catalog/smartfon_apple_iphone_18_pro_max_256_gb_silver_serebro_esim/
A4: Apple iPhone | B4: iPhone 18 Pro Max | C4: Смартфон Apple iPhone 18 Pro Max 256 ГБ Burgundy | Бургунди eSIM | D4: https://mgg.stores-apple.com/catalog/smartfon_apple_iphone_18_pro_max_256_gb_dark_cherry_tyemnaya_vishnya_esim_/
A5: Apple iPhone | B5: iPhone 18 Pro Max | C5: Смартфон Apple iPhone 18 Pro Max 256 ГБ Glacier | Ледяной | D5: https://mgg.stores-apple.com/catalog/smartfon_apple_iphone_18_pro_max_256_gb_blue_goluboy/
A6: Apple iPhone | B6: iPhone 18 Pro Max | C6: Смартфон Apple iPhone 18 Pro Max 256 ГБ Black | Чёрный | D6: https://mgg.stores-apple.com/catalog/smartfon_apple_iphone_18_pro_max_256_gb_dark_grey_tyemno_seryy/
A7: Apple iPhone | B7: iPhone 18 Pro Max | C7: Смартфон Apple iPhone 18 Pro Max 256 ГБ Silver | Серебро | D7: https://mgg.stores-apple.com/catalog/smartfon_apple_iphone_18_pro_max_256_gb_silver_serebro/
A8: Apple iPhone | B8: iPhone 18 Pro Max | C8: Смартфон Apple iPhone 18 Pro Max 256 ГБ Burgundy | Бургунди | D8: https://mgg.stores-apple.com/catalog/smartfon_apple_iphone_18_pro_max_256_gb_dark_cherry_tyemnaya_vishnya/
A9: Apple iPhone | B9: iPhone 18 Pro Max | C9: Смартфон Apple iPhone 18 Pro Max 512 ГБ Glacier | Ледяной | D9: https://mgg.stores-apple.com/catalog/smartfon_apple_iphone_18_pro_max_512_gb_blue_goluboy/
A10: Apple iPhone | B10: iPhone 18 Pro Max | C10: Смартфон Apple iPhone 18 Pro Max 512 ГБ Black | Чёрный | D10: https://mgg.stores-apple.com/catalog/smartfon_apple_iphone_18_pro_max_512_gb_dark_grey_tyemno_seryy/
A11: Apple iPhone | B11: iPhone 18 Pro Max | C11: Смартфон Apple iPhone 18 Pro Max 512 ГБ Silver | Серебро | D11: https://mgg.stores-apple.com/catalog/smartfon_apple_iphone_18_pro_max_512_gb_silver_serebro/
A12: Apple iPhone | B12: iPhone 18 Pro Max | C12: Смартфон Apple iPhone 18 Pro Max 512 ГБ Burgundy | Бургунди | D12: https://mgg.stores-apple.com/catalog/smartfon_apple_iphone_18_pro_max_512_gb_dark_cherry_tyemnaya_vishnya/
... A1554: ТВ, консоли и аудио | B1554: Микрофонная система | C1554: Микрофонная система DJI Mic 3 (2 TX + 1 RX + Charging Case) | D1554: https://mgg.stores-apple.com/catalog/mikrofonnaya_sistema_dji_mic_3_2_tx_1_rx_charging_case/

Sheet Статус
A1: Процесс | B1: Статус | C1: Проверено строк | D1: Из скольки строк | E1: Успешно цен | F1: Ошибок | G1: Обновлено | H1: Последняя строка
A2: Лист1: обновление цен | B2: готово | C2: 1448 | D2: 1448 | E2: 1463 | F2: 20 | G2: 25.09.2026 14:16:51 | H2: 1449

Sheet Лист6
A1: Смартфон Apple iPhone 17 (Sim/eSim) 256 ГБ Лавандовый
A2: Смартфон Apple iPhone 17 (Sim/eSim) 256 ГБ Чёрный
A3: Смартфон Apple iPhone 17 (Sim/eSim) 256 ГБ Белый
A4: Смартфон Apple iPhone 17 (Sim/eSim) 256 ГБ Синий
A5: Смартфон Apple iPhone 17 (Sim/eSim) 256 ГБ Зелёный
A6: Смартфон Apple iPhone 17 (eSim) 256 ГБ Лавандовый
A7: Смартфон Apple iPhone 17 (eSim) 256 ГБ Чёрный
A8: Смартфон Apple iPhone 17 (eSim) 256 ГБ Белый
A9: Смартфон Apple iPhone 17 (eSim) 256 ГБ Синий
A10: Смартфон Apple iPhone 17 (eSim) 256 ГБ Зелёный
A11: Смартфон Apple iPhone 17 (Sim/eSim) 512 ГБ Лавандовый
A12: Смартфон Apple iPhone 17 (Sim/eSim) 512 ГБ Чёрный
... A19: Смартфон Apple iPhone 17 (eSim) 512 ГБ Синий
A20: Смартфон Apple iPhone 17 (eSim) 512 ГБ Зелёный | B20: =IFERROR(__xludf.DUMMYFUNCTION("TRIM(REGEXEXTRACT(A20,""(iPhone[^(]+)\(""))&"" ""&REGEXEXTRACT(A20,""(\d+)\s*ГБ"")&"" ""&TRIM(REGEXEXTRACT(A20,""ГБ\s+(.+)$""))&"" ""&IF(REGEXMATCH(A20,""\(eSim\)""),""eSim"",""Sim"")"),"iPhone 17 512 Зелёный eSim") -> iPhone 17 512 Зелёный eSim
A21: Смартфон Apple iPhone Air 256 ГБ Синий
A22: Смартфон Apple iPhone Air 256 ГБ Чёрный
A23: Смартфон Apple iPhone Air 256 ГБ Золотой
A24: Смартфон Apple iPhone Air 256 ГБ Белый
A25: Смартфон Apple iPhone Air 512 ГБ Синий
A26: Смартфон Apple iPhone Air 512 ГБ Чёрный
A27: Смартфон Apple iPhone Air 512 ГБ Золотой
A28: Смартфон Apple iPhone Air 512 ГБ Белый
A29: Смартфон Apple iPhone Air 1 ТБ Синий
A30: Смартфон Apple iPhone Air 1 ТБ Чёрный
A31: Смартфон Apple iPhone Air 1 ТБ Золотой
A32: Смартфон Apple iPhone Air 1 ТБ Белый
... A75: Смартфон Apple iPhone 17 Pro Max (Sim/eSim) 2048 ГБ Серебристый
A76: iPhone 18 Pro 256 Черный eSim | B76: =IFERROR(__xludf.DUMMYFUNCTION("TRIM(REGEXEXTRACT(A76,""(iPhone[^(]+)\(""))&"" ""&REGEXEXTRACT(A76,""(\d+)\s*ГБ"")&"" ""&TRIM(REGEXEXTRACT(A76,""ГБ\s+(.+)$""))&"" ""&IF(REGEXMATCH(A76,""\(eSim\)""),""eSim"",""Sim"")"),"#N/A") -> #N/A
A77: iPhone 18 Pro 256 Бургунди eSim | B77: =IFERROR(__xludf.DUMMYFUNCTION("TRIM(REGEXEXTRACT(A77,""(iPhone[^(]+)\(""))&"" ""&REGEXEXTRACT(A77,""(\d+)\s*ГБ"")&"" ""&TRIM(REGEXEXTRACT(A77,""ГБ\s+(.+)$""))&"" ""&IF(REGEXMATCH(A77,""\(eSim\)""),""eSim"",""Sim"")"),"#N/A") -> #N/A
A78: iPhone 18 Pro 256 Небесно-голубой eSim | B78: =IFERROR(__xludf.DUMMYFUNCTION("TRIM(REGEXEXTRACT(A78,""(iPhone[^(]+)\(""))&"" ""&REGEXEXTRACT(A78,""(\d+)\s*ГБ"")&"" ""&TRIM(REGEXEXTRACT(A78,""ГБ\s+(.+)$""))&"" ""&IF(REGEXMATCH(A78,""\(eSim\)""),""eSim"",""Sim"")"),"#N/A") -> #N/A
A79: iPhone 18 Pro 256 Серебристый eSim | B79: =IFERROR(__xludf.DUMMYFUNCTION("TRIM(REGEXEXTRACT(A79,""(iPhone[^(]+)\(""))&"" ""&REGEXEXTRACT(A79,""(\d+)\s*ГБ"")&"" ""&TRIM(REGEXEXTRACT(A79,""ГБ\s+(.+)$""))&"" ""&IF(REGEXMATCH(A79,""\(eSim\)""),""eSim"",""Sim"")"),"#N/A") -> #N/A
A80: iPhone 18 Pro 512 Бургунди eSim | B80: =IFERROR(__xludf.DUMMYFUNCTION("TRIM(REGEXEXTRACT(A80,""(iPhone[^(]+)\(""))&"" ""&REGEXEXTRACT(A80,""(\d+)\s*ГБ"")&"" ""&TRIM(REGEXEXTRACT(A80,""ГБ\s+(.+)$""))&"" ""&IF(REGEXMATCH(A80,""\(eSim\)""),""eSim"",""Sim"")"),"#N/A") -> #N/A
A81: iPhone 18 Pro 512 Небесно-голубой eSim | B81: =IFERROR(__xludf.DUMMYFUNCTION("TRIM(REGEXEXTRACT(A81,""(iPhone[^(]+)\(""))&"" ""&REGEXEXTRACT(A81,""(\d+)\s*ГБ"")&"" ""&TRIM(REGEXEXTRACT(A81,""ГБ\s+(.+)$""))&"" ""&IF(REGEXMATCH(A81,""\(eSim\)""),""eSim"",""Sim"")"),"#N/A") -> #N/A
A82: iPhone 18 Pro 512 Серебристый eSim | B82: =IFERROR(__xludf.DUMMYFUNCTION("TRIM(REGEXEXTRACT(A82,""(iPhone[^(]+)\(""))&"" ""&REGEXEXTRACT(A82,""(\d+)\s*ГБ"")&"" ""&TRIM(REGEXEXTRACT(A82,""ГБ\s+(.+)$""))&"" ""&IF(REGEXMATCH(A82,""\(eSim\)""),""eSim"",""Sim"")"),"#N/A") -> #N/A
A83: iPhone 18 Pro 512 Черный eSim | B83: =IFERROR(__xludf.DUMMYFUNCTION("TRIM(REGEXEXTRACT(A83,""(iPhone[^(]+)\(""))&"" ""&REGEXEXTRACT(A83,""(\d+)\s*ГБ"")&"" ""&TRIM(REGEXEXTRACT(A83,""ГБ\s+(.+)$""))&"" ""&IF(REGEXMATCH(A83,""\(eSim\)""),""eSim"",""Sim"")"),"#N/A") -> #N/A
A84: Смартфон Apple iPhone 18 Pro (eSim) 1024 ГБ Бургунди | B84: =IFERROR(__xludf.DUMMYFUNCTION("TRIM(REGEXEXTRACT(A84,""(iPhone[^(]+)\(""))&"" ""&REGEXEXTRACT(A84,""(\d+)\s*ГБ"")&"" ""&TRIM(REGEXEXTRACT(A84,""ГБ\s+(.+)$""))&"" ""&IF(REGEXMATCH(A84,""\(eSim\)""),""eSim"",""Sim"")"),"iPhone 18 Pro 1024 Бургунди eSim") -> iPhone 18 Pro 1024 Бургунди eSim | D84: iPhone 18 Pro 1024 Бургунди eSim
A85: Смартфон Apple iPhone 18 Pro (eSim) 1024 ГБ Небесно-голубой | B85: =IFERROR(__xludf.DUMMYFUNCTION("TRIM(REGEXEXTRACT(A85,""(iPhone[^(]+)\(""))&"" ""&REGEXEXTRACT(A85,""(\d+)\s*ГБ"")&"" ""&TRIM(REGEXEXTRACT(A85,""ГБ\s+(.+)$""))&"" ""&IF(REGEXMATCH(A85,""\(eSim\)""),""eSim"",""Sim"")"),"iPhone 18 Pro 1024 Небесно-голубой eSim") -> iPhone 18 Pro 1024 Небесно-голубой eSim | D85: iPhone 18 Pro 1024 Небесно-голубой eSim
A86: Смартфон Apple iPhone 18 Pro (eSim) 1024 ГБ Серебристый | B86: =IFERROR(__xludf.DUMMYFUNCTION("TRIM(REGEXEXTRACT(A86,""(iPhone[^(]+)\(""))&"" ""&REGEXEXTRACT(A86,""(\d+)\s*ГБ"")&"" ""&TRIM(REGEXEXTRACT(A86,""ГБ\s+(.+)$""))&"" ""&IF(REGEXMATCH(A86,""\(eSim\)""),""eSim"",""Sim"")"),"iPhone 18 Pro 1024 Серебристый eSim") -> iPhone 18 Pro 1024 Серебристый eSim | D86: iPhone 18 Pro 1024 Серебристый eSim
A87: Смартфон Apple iPhone 18 Pro (eSim) 1024 ГБ Черный | B87: =IFERROR(__xludf.DUMMYFUNCTION("TRIM(REGEXEXTRACT(A87,""(iPhone[^(]+)\(""))&"" ""&REGEXEXTRACT(A87,""(\d+)\s*ГБ"")&"" ""&TRIM(REGEXEXTRACT(A87,""ГБ\s+(.+)$""))&"" ""&IF(REGEXMATCH(A87,""\(eSim\)""),""eSim"",""Sim"")"),"iPhone 18 Pro 1024 Черный eSim") -> iPhone 18 Pro 1024 Черный eSim | D87: iPhone 18 Pro 1024 Черный eSim
A88: Смартфон Apple iPhone 18 Pro (eSim) 2048 ГБ Бургунди | B88: =IFERROR(__xludf.DUMMYFUNCTION("TRIM(REGEXEXTRACT(A88,""(iPhone[^(]+)\(""))&"" ""&REGEXEXTRACT(A88,""(\d+)\s*ГБ"")&"" ""&TRIM(REGEXEXTRACT(A88,""ГБ\s+(.+)$""))&"" ""&IF(REGEXMATCH(A88,""\(eSim\)""),""eSim"",""Sim"")"),"iPhone 18 Pro 2048 Бургунди eSim") -> iPhone 18 Pro 2048 Бургунди eSim | D88: iPhone 18 Pro 2048 Бургунди eSim
A89: Смартфон Apple iPhone 18 Pro (eSim) 2048 ГБ Небесно-голубой | B89: =IFERROR(__xludf.DUMMYFUNCTION("TRIM(REGEXEXTRACT(A89,""(iPhone[^(]+)\(""))&"" ""&REGEXEXTRACT(A89,""(\d+)\s*ГБ"")&"" ""&TRIM(REGEXEXTRACT(A89,""ГБ\s+(.+)$""))&"" ""&IF(REGEXMATCH(A89,""\(eSim\)""),""eSim"",""Sim"")"),"iPhone 18 Pro 2048 Небесно-голубой eSim") -> iPhone 18 Pro 2048 Небесно-голубой eSim | D89: iPhone 18 Pro 2048 Небесно-голубой eSim
A90: Смартфон Apple iPhone 18 Pro (eSim) 2048 ГБ Серебристый | B90: =IFERROR(__xludf.DUMMYFUNCTION("TRIM(REGEXEXTRACT(A90,""(iPhone[^(]+)\(""))&"" ""&REGEXEXTRACT(A90,""(\d+)\s*ГБ"")&"" ""&TRIM(REGEXEXTRACT(A90,""ГБ\s+(.+)$""))&"" ""&IF(REGEXMATCH(A90,""\(eSim\)""),""eSim"",""Sim"")"),"iPhone 18 Pro 2048 Серебристый eSim") -> iPhone 18 Pro 2048 Серебристый eSim | D90: iPhone 18 Pro 2048 Серебристый eSim
A91: Смартфон Apple iPhone 18 Pro (eSim) 2048 ГБ Черный | B91: =IFERROR(__xludf.DUMMYFUNCTION("TRIM(REGEXEXTRACT(A91,""(iPhone[^(]+)\(""))&"" ""&REGEXEXTRACT(A91,""(\d+)\s*ГБ"")&"" ""&TRIM(REGEXEXTRACT(A91,""ГБ\s+(.+)$""))&"" ""&IF(REGEXMATCH(A91,""\(eSim\)""),""eSim"",""Sim"")"),"iPhone 18 Pro 2048 Черный eSim") -> iPhone 18 Pro 2048 Черный eSim | D91: iPhone 18 Pro 2048 Черный eSim
A92: iPhone 18 Pro 256 Бургунди Sim | B92: =IFERROR(__xludf.DUMMYFUNCTION("TRIM(REGEXEXTRACT(A92,""(iPhone[^(]+)\(""))&"" ""&REGEXEXTRACT(A92,""(\d+)\s*ГБ"")&"" ""&TRIM(REGEXEXTRACT(A92,""ГБ\s+(.+)$""))&"" ""&IF(REGEXMATCH(A92,""\(eSim\)""),""eSim"",""Sim"")"),"#N/A") -> #N/A
A93: iPhone 18 Pro 256 Небесно-голубой Sim | B93: =IFERROR(__xludf.DUMMYFUNCTION("TRIM(REGEXEXTRACT(A93,""(iPhone[^(]+)\(""))&"" ""&REGEXEXTRACT(A93,""(\d+)\s*ГБ"")&"" ""&TRIM(REGEXEXTRACT(A93,""ГБ\s+(.+)$""))&"" ""&IF(REGEXMATCH(A93,""\(eSim\)""),""eSim"",""Sim"")"),"#N/A") -> #N/A
A94: iPhone 18 Pro 256 Серебристый Sim | B94: =IFERROR(__xludf.DUMMYFUNCTION("TRIM(REGEXEXTRACT(A94,""(iPhone[^(]+)\(""))&"" ""&REGEXEXTRACT(A94,""(\d+)\s*ГБ"")&"" ""&TRIM(REGEXEXTRACT(A94,""ГБ\s+(.+)$""))&"" ""&IF(REGEXMATCH(A94,""\(eSim\)""),""eSim"",""Sim"")"),"#N/A") -> #N/A
A95: iPhone 18 Pro 256 Черный Sim | B95: =IFERROR(__xludf.DUMMYFUNCTION("TRIM(REGEXEXTRACT(A95,""(iPhone[^(]+)\(""))&"" ""&REGEXEXTRACT(A95,""(\d+)\s*ГБ"")&"" ""&TRIM(REGEXEXTRACT(A95,""ГБ\s+(.+)$""))&"" ""&IF(REGEXMATCH(A95,""\(eSim\)""),""eSim"",""Sim"")"),"#N/A") -> #N/A
A96: iPhone 18 Pro 512 Бургунди Sim | B96: =IFERROR(__xludf.DUMMYFUNCTION("TRIM(REGEXEXTRACT(A96,""(iPhone[^(]+)\(""))&"" ""&REGEXEXTRACT(A96,""(\d+)\s*ГБ"")&"" ""&TRIM(REGEXEXTRACT(A96,""ГБ\s+(.+)$""))&"" ""&IF(REGEXMATCH(A96,""\(eSim\)""),""eSim"",""Sim"")"),"#N/A") -> #N/A
A97: iPhone 18 Pro 512 Небесно-голубой Sim | B97: =IFERROR(__xludf.DUMMYFUNCTION("TRIM(REGEXEXTRACT(A97,""(iPhone[^(]+)\(""))&"" ""&REGEXEXTRACT(A97,""(\d+)\s*ГБ"")&"" ""&TRIM(REGEXEXTRACT(A97,""ГБ\s+(.+)$""))&"" ""&IF(REGEXMATCH(A97,""\(eSim\)""),""eSim"",""Sim"")"),"#N/A") -> #N/A
A98: iPhone 18 Pro 512 Черный Sim | B98: =IFERROR(__xludf.DUMMYFUNCTION("TRIM(REGEXEXTRACT(A98,""(iPhone[^(]+)\(""))&"" ""&REGEXEXTRACT(A98,""(\d+)\s*ГБ"")&"" ""&TRIM(REGEXEXTRACT(A98,""ГБ\s+(.+)$""))&"" ""&IF(REGEXMATCH(A98,""\(eSim\)""),""eSim"",""Sim"")"),"#N/A") -> #N/A
A99: iPhone 18 Pro 512 Серебристый Sim | B99: =IFERROR(__xludf.DUMMYFUNCTION("TRIM(REGEXEXTRACT(A99,""(iPhone[^(]+)\(""))&"" ""&REGEXEXTRACT(A99,""(\d+)\s*ГБ"")&"" ""&TRIM(REGEXEXTRACT(A99,""ГБ\s+(.+)$""))&"" ""&IF(REGEXMATCH(A99,""\(eSim\)""),""eSim"",""Sim"")"),"#N/A") -> #N/A
A100: Смартфон Apple iPhone 18 Pro (Sim/eSim) 1024 ГБ Бургунди | B100: =IFERROR(__xludf.DUMMYFUNCTION("TRIM(REGEXEXTRACT(A100,""(iPhone[^(]+)\(""))&"" ""&REGEXEXTRACT(A100,""(\d+)\s*ГБ"")&"" ""&TRIM(REGEXEXTRACT(A100,""ГБ\s+(.+)$""))&"" ""&IF(REGEXMATCH(A100,""\(eSim\)""),""eSim"",""Sim"")"),"iPhone 18 Pro 1024 Бургунди Sim") -> iPhone 18 Pro 1024 Бургунди Sim | C100: iPhone 18 Pro 1024 Бургунди Sim
A101: Смартфон Apple iPhone 18 Pro (Sim/eSim) 1024 ГБ Небесно-голубой | B101: =IFERROR(__xludf.DUMMYFUNCTION("TRIM(REGEXEXTRACT(A101,""(iPhone[^(]+)\(""))&"" ""&REGEXEXTRACT(A101,""(\d+)\s*ГБ"")&"" ""&TRIM(REGEXEXTRACT(A101,""ГБ\s+(.+)$""))&"" ""&IF(REGEXMATCH(A101,""\(eSim\)""),""eSim"",""Sim"")"),"iPhone 18 Pro 1024 Небесно-голубой Sim") -> iPhone 18 Pro 1024 Небесно-голубой Sim | C101: iPhone 18 Pro 1024 Небесно-голубой Sim
A102: Смартфон Apple iPhone 18 Pro (Sim/eSim) 1024 ГБ Серебристый | B102: =IFERROR(__xludf.DUMMYFUNCTION("TRIM(REGEXEXTRACT(A102,""(iPhone[^(]+)\(""))&"" ""&REGEXEXTRACT(A102,""(\d+)\s*ГБ"")&"" ""&TRIM(REGEXEXTRACT(A102,""ГБ\s+(.+)$""))&"" ""&IF(REGEXMATCH(A102,""\(eSim\)""),""eSim"",""Sim"")"),"iPhone 18 Pro 1024 Серебристый Sim") -> iPhone 18 Pro 1024 Серебристый Sim | C102: iPhone 18 Pro 1024 Серебристый Sim
A103: Смартфон Apple iPhone 18 Pro (Sim/eSim) 1024 ГБ Черный | B103: =IFERROR(__xludf.DUMMYFUNCTION("TRIM(REGEXEXTRACT(A103,""(iPhone[^(]+)\(""))&"" ""&REGEXEXTRACT(A103,""(\d+)\s*ГБ"")&"" ""&TRIM(REGEXEXTRACT(A103,""ГБ\s+(.+)$""))&"" ""&IF(REGEXMATCH(A103,""\(eSim\)""),""eSim"",""Sim"")"),"iPhone 18 Pro 1024 Черный Sim") -> iPhone 18 Pro 1024 Черный Sim | C103: iPhone 18 Pro 1024 Черный Sim
A104: Смартфон Apple iPhone 18 Pro (Sim/eSim) 2048 ГБ Бургунди | B104: =IFERROR(__xludf.DUMMYFUNCTION("TRIM(REGEXEXTRACT(A104,""(iPhone[^(]+)\(""))&"" ""&REGEXEXTRACT(A104,""(\d+)\s*ГБ"")&"" ""&TRIM(REGEXEXTRACT(A104,""ГБ\s+(.+)$""))&"" ""&IF(REGEXMATCH(A104,""\(eSim\)""),""eSim"",""Sim"")"),"iPhone 18 Pro 2048 Бургунди Sim") -> iPhone 18 Pro 2048 Бургунди Sim | C104: iPhone 18 Pro 2048 Бургунди Sim
A105: Смартфон Apple iPhone 18 Pro (Sim/eSim) 2048 ГБ Небесно-голубой | B105: =IFERROR(__xludf.DUMMYFUNCTION("TRIM(REGEXEXTRACT(A105,""(iPhone[^(]+)\(""))&"" ""&REGEXEXTRACT(A105,""(\d+)\s*ГБ"")&"" ""&TRIM(REGEXEXTRACT(A105,""ГБ\s+(.+)$""))&"" ""&IF(REGEXMATCH(A105,""\(eSim\)""),""eSim"",""Sim"")"),"iPhone 18 Pro 2048 Небесно-голубой Sim") -> iPhone 18 Pro 2048 Небесно-голубой Sim | C105: iPhone 18 Pro 2048 Небесно-голубой Sim
A106: Смартфон Apple iPhone 18 Pro (Sim/eSim) 2048 ГБ Серебристый | B106: =IFERROR(__xludf.DUMMYFUNCTION("TRIM(REGEXEXTRACT(A106,""(iPhone[^(]+)\(""))&"" ""&REGEXEXTRACT(A106,""(\d+)\s*ГБ"")&"" ""&TRIM(REGEXEXTRACT(A106,""ГБ\s+(.+)$""))&"" ""&IF(REGEXMATCH(A106,""\(eSim\)""),""eSim"",""Sim"")"),"iPhone 18 Pro 2048 Серебристый Sim") -> iPhone 18 Pro 2048 Серебристый Sim | C106: iPhone 18 Pro 2048 Серебристый Sim
A107: Смартфон Apple iPhone 18 Pro (Sim/eSim) 2048 ГБ Черный | B107: =IFERROR(__xludf.DUMMYFUNCTION("TRIM(REGEXEXTRACT(A107,""(iPhone[^(]+)\(""))&"" ""&REGEXEXTRACT(A107,""(\d+)\s*ГБ"")&"" ""&TRIM(REGEXEXTRACT(A107,""ГБ\s+(.+)$""))&"" ""&IF(REGEXMATCH(A107,""\(eSim\)""),""eSim"",""Sim"")"),"iPhone 18 Pro 2048 Черный Sim") -> iPhone 18 Pro 2048 Черный Sim | C107: iPhone 18 Pro 2048 Черный Sim
A108: iPhone 18 Pro Max 256 Бургунди eSim | B108: =IFERROR(__xludf.DUMMYFUNCTION("TRIM(REGEXEXTRACT(A108,""(iPhone[^(]+)\(""))&"" ""&REGEXEXTRACT(A108,""(\d+)\s*ГБ"")&"" ""&TRIM(REGEXEXTRACT(A108,""ГБ\s+(.+)$""))&"" ""&IF(REGEXMATCH(A108,""\(eSim\)""),""eSim"",""Sim"")"),"#N/A") -> #N/A
A109: iPhone 18 Pro Max 256 Небесно-голубой eSim | B109: =IFERROR(__xludf.DUMMYFUNCTION("TRIM(REGEXEXTRACT(A109,""(iPhone[^(]+)\(""))&"" ""&REGEXEXTRACT(A109,""(\d+)\s*ГБ"")&"" ""&TRIM(REGEXEXTRACT(A109,""ГБ\s+(.+)$""))&"" ""&IF(REGEXMATCH(A109,""\(eSim\)""),""eSim"",""Sim"")"),"#N/A") -> #N/A
A110: iPhone 18 Pro Max 256 Серебристый eSim | B110: =IFERROR(__xludf.DUMMYFUNCTION("TRIM(REGEXEXTRACT(A110,""(iPhone[^(]+)\(""))&"" ""&REGEXEXTRACT(A110,""(\d+)\s*ГБ"")&"" ""&TRIM(REGEXEXTRACT(A110,""ГБ\s+(.+)$""))&"" ""&IF(REGEXMATCH(A110,""\(eSim\)""),""eSim"",""Sim"")"),"#N/A") -> #N/A
A111: iPhone 18 Pro Max 256 Черный eSim | B111: =IFERROR(__xludf.DUMMYFUNCTION("TRIM(REGEXEXTRACT(A111,""(iPhone[^(]+)\(""))&"" ""&REGEXEXTRACT(A111,""(\d+)\s*ГБ"")&"" ""&TRIM(REGEXEXTRACT(A111,""ГБ\s+(.+)$""))&"" ""&IF(REGEXMATCH(A111,""\(eSim\)""),""eSim"",""Sim"")"),"#N/A") -> #N/A
A112: iPhone 18 Pro Max 512 Бургунди eSim | B112: =IFERROR(__xludf.DUMMYFUNCTION("TRIM(REGEXEXTRACT(A112,""(iPhone[^(]+)\(""))&"" ""&REGEXEXTRACT(A112,""(\d+)\s*ГБ"")&"" ""&TRIM(REGEXEXTRACT(A112,""ГБ\s+(.+)$""))&"" ""&IF(REGEXMATCH(A112,""\(eSim\)""),""eSim"",""Sim"")"),"#N/A") -> #N/A
A113: iPhone 18 Pro Max 512 Небесно-голубой eSim | B113: =IFERROR(__xludf.DUMMYFUNCTION("TRIM(REGEXEXTRACT(A113,""(iPhone[^(]+)\(""))&"" ""&REGEXEXTRACT(A113,""(\d+)\s*ГБ"")&"" ""&TRIM(REGEXEXTRACT(A113,""ГБ\s+(.+)$""))&"" ""&IF(REGEXMATCH(A113,""\(eSim\)""),""eSim"",""Sim"")"),"#N/A") -> #N/A
A114: iPhone 18 Pro Max 512 Серебристый eSim | B114: =IFERROR(__xludf.DUMMYFUNCTION("TRIM(REGEXEXTRACT(A114,""(iPhone[^(]+)\(""))&"" ""&REGEXEXTRACT(A114,""(\d+)\s*ГБ"")&"" ""&TRIM(REGEXEXTRACT(A114,""ГБ\s+(.+)$""))&"" ""&IF(REGEXMATCH(A114,""\(eSim\)""),""eSim"",""Sim"")"),"#N/A") -> #N/A
A115: iPhone 18 Pro Max 512 Черный eSim | B115: =IFERROR(__xludf.DUMMYFUNCTION("TRIM(REGEXEXTRACT(A115,""(iPhone[^(]+)\(""))&"" ""&REGEXEXTRACT(A115,""(\d+)\s*ГБ"")&"" ""&TRIM(REGEXEXTRACT(A115,""ГБ\s+(.+)$""))&"" ""&IF(REGEXMATCH(A115,""\(eSim\)""),""eSim"",""Sim"")"),"#N/A") -> #N/A
A116: Смартфон Apple iPhone 18 Pro Max (eSim) 1024 ГБ Бургунди | B116: =IFERROR(__xludf.DUMMYFUNCTION("TRIM(REGEXEXTRACT(A116,""(iPhone[^(]+)\(""))&"" ""&REGEXEXTRACT(A116,""(\d+)\s*ГБ"")&"" ""&TRIM(REGEXEXTRACT(A116,""ГБ\s+(.+)$""))&"" ""&IF(REGEXMATCH(A116,""\(eSim\)""),""eSim"",""Sim"")"),"iPhone 18 Pro Max 1024 Бургунди eSim") -> iPhone 18 Pro Max 1024 Бургунди eSim | C116: iPhone 18 Pro Max 1024 Бургунди eSim
A117: Смартфон Apple iPhone 18 Pro Max (eSim) 1024 ГБ Небесно-голубой | B117: =IFERROR(__xludf.DUMMYFUNCTION("TRIM(REGEXEXTRACT(A117,""(iPhone[^(]+)\(""))&"" ""&REGEXEXTRACT(A117,""(\d+)\s*ГБ"")&"" ""&TRIM(REGEXEXTRACT(A117,""ГБ\s+(.+)$""))&"" ""&IF(REGEXMATCH(A117,""\(eSim\)""),""eSim"",""Sim"")"),"iPhone 18 Pro Max 1024 Небесно-голубой eSim") -> iPhone 18 Pro Max 1024 Небесно-голубой eSim | C117: iPhone 18 Pro Max 1024 Небесно-голубой eSim
A118: Смартфон Apple iPhone 18 Pro Max (eSim) 1024 ГБ Серебристый | B118: =IFERROR(__xludf.DUMMYFUNCTION("TRIM(REGEXEXTRACT(A118,""(iPhone[^(]+)\(""))&"" ""&REGEXEXTRACT(A118,""(\d+)\s*ГБ"")&"" ""&TRIM(REGEXEXTRACT(A118,""ГБ\s+(.+)$""))&"" ""&IF(REGEXMATCH(A118,""\(eSim\)""),""eSim"",""Sim"")"),"iPhone 18 Pro Max 1024 Серебристый eSim") -> iPhone 18 Pro Max 1024 Серебристый eSim | C118: iPhone 18 Pro Max 1024 Серебристый eSim
A119: Смартфон Apple iPhone 18 Pro Max (eSim) 1024 ГБ Черный | B119: =IFERROR(__xludf.DUMMYFUNCTION("TRIM(REGEXEXTRACT(A119,""(iPhone[^(]+)\(""))&"" ""&REGEXEXTRACT(A119,""(\d+)\s*ГБ"")&"" ""&TRIM(REGEXEXTRACT(A119,""ГБ\s+(.+)$""))&"" ""&IF(REGEXMATCH(A119,""\(eSim\)""),""eSim"",""Sim"")"),"iPhone 18 Pro Max 1024 Черный eSim") -> iPhone 18 Pro Max 1024 Черный eSim | C119: iPhone 18 Pro Max 1024 Черный eSim
A120: Смартфон Apple iPhone 18 Pro Max (eSim) 2048 ГБ Бургунди | B120: =IFERROR(__xludf.DUMMYFUNCTION("TRIM(REGEXEXTRACT(A120,""(iPhone[^(]+)\(""))&"" ""&REGEXEXTRACT(A120,""(\d+)\s*ГБ"")&"" ""&TRIM(REGEXEXTRACT(A120,""ГБ\s+(.+)$""))&"" ""&IF(REGEXMATCH(A120,""\(eSim\)""),""eSim"",""Sim"")"),"iPhone 18 Pro Max 2048 Бургунди eSim") -> iPhone 18 Pro Max 2048 Бургунди eSim | C120: iPhone 18 Pro Max 2048 Бургунди eSim
A121: Смартфон Apple iPhone 18 Pro Max (eSim) 2048 ГБ Небесно-голубой | B121: =IFERROR(__xludf.DUMMYFUNCTION("TRIM(REGEXEXTRACT(A121,""(iPhone[^(]+)\(""))&"" ""&REGEXEXTRACT(A121,""(\d+)\s*ГБ"")&"" ""&TRIM(REGEXEXTRACT(A121,""ГБ\s+(.+)$""))&"" ""&IF(REGEXMATCH(A121,""\(eSim\)""),""eSim"",""Sim"")"),"iPhone 18 Pro Max 2048 Небесно-голубой eSim") -> iPhone 18 Pro Max 2048 Небесно-голубой eSim | C121: iPhone 18 Pro Max 2048 Небесно-голубой eSim
A122: Смартфон Apple iPhone 18 Pro Max (eSim) 2048 ГБ Серебристый | B122: =IFERROR(__xludf.DUMMYFUNCTION("TRIM(REGEXEXTRACT(A122,""(iPhone[^(]+)\(""))&"" ""&REGEXEXTRACT(A122,""(\d+)\s*ГБ"")&"" ""&TRIM(REGEXEXTRACT(A122,""ГБ\s+(.+)$""))&"" ""&IF(REGEXMATCH(A122,""\(eSim\)""),""eSim"",""Sim"")"),"iPhone 18 Pro Max 2048 Серебристый eSim") -> iPhone 18 Pro Max 2048 Серебристый eSim | C122: iPhone 18 Pro Max 2048 Серебристый eSim
A123: Смартфон Apple iPhone 18 Pro Max (eSim) 2048 ГБ Черный | B123: =IFERROR(__xludf.DUMMYFUNCTION("TRIM(REGEXEXTRACT(A123,""(iPhone[^(]+)\(""))&"" ""&REGEXEXTRACT(A123,""(\d+)\s*ГБ"")&"" ""&TRIM(REGEXEXTRACT(A123,""ГБ\s+(.+)$""))&"" ""&IF(REGEXMATCH(A123,""\(eSim\)""),""eSim"",""Sim"")"),"iPhone 18 Pro Max 2048 Черный eSim") -> iPhone 18 Pro Max 2048 Черный eSim | C123: iPhone 18 Pro Max 2048 Черный eSim
A124: iPhone 18 Pro Max 256 Небесно-голубой Sim | B124: =IFERROR(__xludf.DUMMYFUNCTION("TRIM(REGEXEXTRACT(A124,""(iPhone[^(]+)\(""))&"" ""&REGEXEXTRACT(A124,""(\d+)\s*ГБ"")&"" ""&TRIM(REGEXEXTRACT(A124,""ГБ\s+(.+)$""))&"" ""&IF(REGEXMATCH(A124,""\(eSim\)""),""eSim"",""Sim"")"),"#N/A") -> #N/A
A125: iPhone 18 Pro Max 256 Серебристый Sim | B125: =IFERROR(__xludf.DUMMYFUNCTION("TRIM(REGEXEXTRACT(A125,""(iPhone[^(]+)\(""))&"" ""&REGEXEXTRACT(A125,""(\d+)\s*ГБ"")&"" ""&TRIM(REGEXEXTRACT(A125,""ГБ\s+(.+)$""))&"" ""&IF(REGEXMATCH(A125,""\(eSim\)""),""eSim"",""Sim"")"),"#N/A") -> #N/A
A126: iPhone 18 Pro Max 256 Черный Sim | B126: =IFERROR(__xludf.DUMMYFUNCTION("TRIM(REGEXEXTRACT(A126,""(iPhone[^(]+)\(""))&"" ""&REGEXEXTRACT(A126,""(\d+)\s*ГБ"")&"" ""&TRIM(REGEXEXTRACT(A126,""ГБ\s+(.+)$""))&"" ""&IF(REGEXMATCH(A126,""\(eSim\)""),""eSim"",""Sim"")"),"#N/A") -> #N/A
A127: iPhone 18 Pro Max 256 Бургунди Sim | B127: =IFERROR(__xludf.DUMMYFUNCTION("TRIM(REGEXEXTRACT(A127,""(iPhone[^(]+)\(""))&"" ""&REGEXEXTRACT(A127,""(\d+)\s*ГБ"")&"" ""&TRIM(REGEXEXTRACT(A127,""ГБ\s+(.+)$""))&"" ""&IF(REGEXMATCH(A127,""\(eSim\)""),""eSim"",""Sim"")"),"#N/A") -> #N/A
A128: iPhone 18 Pro Max 512 Серебристый Sim | B128: =IFERROR(__xludf.DUMMYFUNCTION("TRIM(REGEXEXTRACT(A128,""(iPhone[^(]+)\(""))&"" ""&REGEXEXTRACT(A128,""(\d+)\s*ГБ"")&"" ""&TRIM(REGEXEXTRACT(A128,""ГБ\s+(.+)$""))&"" ""&IF(REGEXMATCH(A128,""\(eSim\)""),""eSim"",""Sim"")"),"#N/A") -> #N/A
A129: iPhone 18 Pro Max 512 Черный Sim | B129: =IFERROR(__xludf.DUMMYFUNCTION("TRIM(REGEXEXTRACT(A129,""(iPhone[^(]+)\(""))&"" ""&REGEXEXTRACT(A129,""(\d+)\s*ГБ"")&"" ""&TRIM(REGEXEXTRACT(A129,""ГБ\s+(.+)$""))&"" ""&IF(REGEXMATCH(A129,""\(eSim\)""),""eSim"",""Sim"")"),"#N/A") -> #N/A
A130: iPhone 18 Pro Max 512 Небесно-голубой Sim | B130: =IFERROR(__xludf.DUMMYFUNCTION("TRIM(REGEXEXTRACT(A130,""(iPhone[^(]+)\(""))&"" ""&REGEXEXTRACT(A130,""(\d+)\s*ГБ"")&"" ""&TRIM(REGEXEXTRACT(A130,""ГБ\s+(.+)$""))&"" ""&IF(REGEXMATCH(A130,""\(eSim\)""),""eSim"",""Sim"")"),"#N/A") -> #N/A
A131: iPhone 18 Pro Max 512 Бургунди Sim | B131: =IFERROR(__xludf.DUMMYFUNCTION("TRIM(REGEXEXTRACT(A131,""(iPhone[^(]+)\(""))&"" ""&REGEXEXTRACT(A131,""(\d+)\s*ГБ"")&"" ""&TRIM(REGEXEXTRACT(A131,""ГБ\s+(.+)$""))&"" ""&IF(REGEXMATCH(A131,""\(eSim\)""),""eSim"",""Sim"")"),"#N/A") -> #N/A
A132: Смартфон Apple iPhone 18 Pro Max (Sim/eSim) 1024 ГБ Бургунди | B132: =IFERROR(__xludf.DUMMYFUNCTION("TRIM(REGEXEXTRACT(A132,""(iPhone[^(]+)\(""))&"" ""&REGEXEXTRACT(A132,""(\d+)\s*ГБ"")&"" ""&TRIM(REGEXEXTRACT(A132,""ГБ\s+(.+)$""))&"" ""&IF(REGEXMATCH(A132,""\(eSim\)""),""eSim"",""Sim"")"),"iPhone 18 Pro Max 1024 Бургунди Sim") -> iPhone 18 Pro Max 1024 Бургунди Sim | C132: iPhone 18 Pro Max 1024 Бургунди Sim
A133: Смартфон Apple iPhone 18 Pro Max (Sim/eSim) 1024 ГБ Небесно-голубой | B133: =IFERROR(__xludf.DUMMYFUNCTION("TRIM(REGEXEXTRACT(A133,""(iPhone[^(]+)\(""))&"" ""&REGEXEXTRACT(A133,""(\d+)\s*ГБ"")&"" ""&TRIM(REGEXEXTRACT(A133,""ГБ\s+(.+)$""))&"" ""&IF(REGEXMATCH(A133,""\(eSim\)""),""eSim"",""Sim"")"),"iPhone 18 Pro Max 1024 Небесно-голубой Sim") -> iPhone 18 Pro Max 1024 Небесно-голубой Sim | C133: iPhone 18 Pro Max 1024 Небесно-голубой Sim
A134: Смартфон Apple iPhone 18 Pro Max (Sim/eSim) 1024 ГБ Серебристый | B134: =IFERROR(__xludf.DUMMYFUNCTION("TRIM(REGEXEXTRACT(A134,""(iPhone[^(]+)\(""))&"" ""&REGEXEXTRACT(A134,""(\d+)\s*ГБ"")&"" ""&TRIM(REGEXEXTRACT(A134,""ГБ\s+(.+)$""))&"" ""&IF(REGEXMATCH(A134,""\(eSim\)""),""eSim"",""Sim"")"),"iPhone 18 Pro Max 1024 Серебристый Sim") -> iPhone 18 Pro Max 1024 Серебристый Sim | C134: iPhone 18 Pro Max 1024 Серебристый Sim
A135: Смартфон Apple iPhone 18 Pro Max (Sim/eSim) 1024 ГБ Черный | B135: =IFERROR(__xludf.DUMMYFUNCTION("TRIM(REGEXEXTRACT(A135,""(iPhone[^(]+)\(""))&"" ""&REGEXEXTRACT(A135,""(\d+)\s*ГБ"")&"" ""&TRIM(REGEXEXTRACT(A135,""ГБ\s+(.+)$""))&"" ""&IF(REGEXMATCH(A135,""\(eSim\)""),""eSim"",""Sim"")"),"iPhone 18 Pro Max 1024 Черный Sim") -> iPhone 18 Pro Max 1024 Черный Sim | C135: iPhone 18 Pro Max 1024 Черный Sim
A136: Смартфон Apple iPhone 18 Pro Max (Sim/eSim) 2048 ГБ Бургунди | B136: =IFERROR(__xludf.DUMMYFUNCTION("TRIM(REGEXEXTRACT(A136,""(iPhone[^(]+)\(""))&"" ""&REGEXEXTRACT(A136,""(\d+)\s*ГБ"")&"" ""&TRIM(REGEXEXTRACT(A136,""ГБ\s+(.+)$""))&"" ""&IF(REGEXMATCH(A136,""\(eSim\)""),""eSim"",""Sim"")"),"iPhone 18 Pro Max 2048 Бургунди Sim") -> iPhone 18 Pro Max 2048 Бургунди Sim | C136: iPhone 18 Pro Max 2048 Бургунди Sim
A137: Смартфон Apple iPhone 18 Pro Max (Sim/eSim) 2048 ГБ Небесно-голубой | B137: =IFERROR(__xludf.DUMMYFUNCTION("TRIM(REGEXEXTRACT(A137,""(iPhone[^(]+)\(""))&"" ""&REGEXEXTRACT(A137,""(\d+)\s*ГБ"")&"" ""&TRIM(REGEXEXTRACT(A137,""ГБ\s+(.+)$""))&"" ""&IF(REGEXMATCH(A137,""\(eSim\)""),""eSim"",""Sim"")"),"iPhone 18 Pro Max 2048 Небесно-голубой Sim") -> iPhone 18 Pro Max 2048 Небесно-голубой Sim | C137: iPhone 18 Pro Max 2048 Небесно-голубой Sim
A138: Смартфон Apple iPhone 18 Pro Max (Sim/eSim) 2048 ГБ Серебристый | B138: =IFERROR(__xludf.DUMMYFUNCTION("TRIM(REGEXEXTRACT(A138,""(iPhone[^(]+)\(""))&"" ""&REGEXEXTRACT(A138,""(\d+)\s*ГБ"")&"" ""&TRIM(REGEXEXTRACT(A138,""ГБ\s+(.+)$""))&"" ""&IF(REGEXMATCH(A138,""\(eSim\)""),""eSim"",""Sim"")"),"iPhone 18 Pro Max 2048 Серебристый Sim") -> iPhone 18 Pro Max 2048 Серебристый Sim | C138: iPhone 18 Pro Max 2048 Серебристый Sim
A139: Смартфон Apple iPhone 18 Pro Max (Sim/eSim) 2048 ГБ Черный | B139: =IFERROR(__xludf.DUMMYFUNCTION("TRIM(REGEXEXTRACT(A139,""(iPhone[^(]+)\(""))&"" ""&REGEXEXTRACT(A139,""(\d+)\s*ГБ"")&"" ""&TRIM(REGEXEXTRACT(A139,""ГБ\s+(.+)$""))&"" ""&IF(REGEXMATCH(A139,""\(eSim\)""),""eSim"",""Sim"")"),"iPhone 18 Pro Max 2048 Черный Sim") -> iPhone 18 Pro Max 2048 Черный Sim | C139: iPhone 18 Pro Max 2048 Черный Sim
